/*
SQLyog Enterprise - MySQL GUI v7.02 
MySQL - 5.1.33-community : Database - t76264794
*********************************************************************
*/

/*!40101 SET NAMES utf8 */;

/*!40101 SET SQL_MODE=''*/;

/*!40014 SET @OLD_FOREIGN_KEY_CHECKS=@@FOREIGN_KEY_CHECKS, FOREIGN_KEY_CHECKS=0 */;
/*!40101 SET @OLD_SQL_MODE=@@SQL_MODE, SQL_MODE='NO_AUTO_VALUE_ON_ZERO' */;

CREATE DATABASE /*!32312 IF NOT EXISTS*/`t76264794` /*!40100 DEFAULT CHARACTER SET utf8 */;

USE `t76264794`;

/*Table structure for table `company` */

DROP TABLE IF EXISTS `company`;

CREATE TABLE `company` (
  `company_id` varchar(50) DEFAULT NULL,
  `company_name` varchar(50) DEFAULT NULL,
  `company_pic_url` varchar(500) DEFAULT NULL,
  `company_desc` varchar(20000) DEFAULT NULL,
  `company_address` varchar(200) DEFAULT NULL,
  `shop_location` varchar(200) DEFAULT NULL,
  `phone` varchar(50) DEFAULT NULL,
  `mobile` varchar(50) DEFAULT NULL,
  `fax` varchar(50) DEFAULT NULL,
  `email` varchar(50) DEFAULT NULL,
  `website_address` varchar(50) DEFAULT NULL,
  `business_scope` varchar(100) DEFAULT NULL,
  `remark` varchar(200) DEFAULT NULL,
  `category_id` varchar(50) DEFAULT NULL,
  `updated_user` varchar(50) DEFAULT NULL,
  `updated_time` datetime DEFAULT NULL,
  `im` varchar(100) DEFAULT NULL,
  `recommend_rate` int(11) DEFAULT NULL,
  `click_count` double DEFAULT NULL
) ENGINE=InnoDB DEFAULT CHARSET=utf8;

/*Data for the table `company` */

insert  into `company`(`company_id`,`company_name`,`company_pic_url`,`company_desc`,`company_address`,`shop_location`,`phone`,`mobile`,`fax`,`email`,`website_address`,`business_scope`,`remark`,`category_id`,`updated_user`,`updated_time`,`im`,`recommend_rate`,`click_count`) values ('4028814826a7d35c0126a7f674a40057','中天(ZhongTian Electronic Co.,Ltd)','resource/upload/common/img/2010-03-14_14-19-52_453-acer-4710.jpg','中天','GZ','GZ','8620-22080245','1335000000000','8620-22080245','ztdz@gmail.com','www.ztdz-game.com','video game accessories for wii,NDS,360,PSP etc.',NULL,'3','*SYSTEM','2010-03-14 14:19:52','QQ : 76264794',2,NULL),('4028814826a7d35c0126a8157902005d','小蜜蜂(TINY BEE GAME)','resource/upload/common/img/2010-03-14_14-18-35_781-acer-4710.jpg','小蜜蜂(TINY BEE GAME)','GZ','GZ','8620-81010710','8620-81010710','8620-81903248','tingbeegame603@Hotmail.com','www.tingbeegame.com','video game accessories for wii,NDS,360,PSP etc.',NULL,'1','*SYSTEM','2010-03-14 14:18:35','QQ : 76264794',3,NULL),('4028814826a7d35c0126a8176d9f0065','白云(BAIYUN ELECTRONICS)','resource/upload/common/img/2010-03-14_14-18-56_187-acer-4710.jpg','白云(BAIYUN ELECTRONICS)','GZ','GZ','8620-81278133','8620-81278133','8620-81291906','www.new10.cn','www.new10.cn','video game accessories for 360,HIGH-DEFINITION,PS3,Wii,PSP,Dsi,etc',NULL,'3','*SYSTEM','2010-03-14 14:18:56','QQ: 76264794',2,NULL),('4028814826a7d35c0126a81cfef9006a','金鹰(JINYING ELECTRONIC GAMES)','resource/upload/common/img/2010-03-14_14-16-30_578-acer-4710.gif','金鹰(JINYING ELECTRONIC GAMES)','GZ','B3013-14','8620-22080245','1335000000000','8620-22080245','jiajing407@hotmail.com','www.jinying-22.cn','game accessories & game bag',NULL,'1','*SYSTEM','2010-03-14 14:16:32','QQ: 76264794',5,NULL),('4028814826a7d35c0126a820a07a006e','吉天(GAMETOP ELECTRONIC )','resource/upload/common/img/2010-03-14_14-25-19_875-acer-4710.jpg','吉天(GAMETOP ELECTRONIC )','B3045','B3045','8620-81013860','8620-81013860','8620-81013860','www.gamtop.com','www.gamtop.com','video game accessories forPS2/PS3/PSP/DS/GBA/SP/GBM/360/Wii,etc',NULL,'4','*SYSTEM','2010-03-14 14:25:20','QQ: 76264794',1,NULL),('4028814826a7d35c0126a821d5fd0071','北通(BETOP ELECTRONIC Co.,Ltd)','resource/upload/common/img/2010-03-14_14-19-11_609-acer-4710.jpg','北通(BETOP ELECTRONIC Co.,Ltd)','A2052','A2052','8620-81010931','8620-81010931','8620-81010577','','www.gamtop.com','video game accessories,Joypads&Controller',NULL,'3','*SYSTEM','2010-03-14 14:19:11','QQ : 76264794',1,NULL),('4028814826a7d35c0126a822a9c80074','华龙(HUALONG ELECTRONIC GAMES)','resource/upload/common/img/2010-03-14_14-18-08_046-acer-4710.jpg','华龙(HUALONG ELECTRONIC GAMES)','A2048-50','A2048-50','8620-31020233','8620-31020233','8620-31020298','linchutong618@163.com','linchutong618@163.com','video game accessories for PS2/PS3 wii,NDS,360,PSP etc.',NULL,'4','*SYSTEM','2010-03-14 14:18:08','QQ : 76264794',4,NULL),('4028814826a7d35c0126a8239d200077','港基(Basecom Co.,Ltd)','resource/upload/common/img/2010-03-14_14-17-50_031-acer-4710.jpg','港基(Basecom Co.,Ltd)','B3025C','B3025C','8620-31022667','8620-31022667','8620-31022667','www.base168.com','www.base168.com','CAPDASE® China general agent',NULL,'3','*SYSTEM','2010-03-14 14:17:50','',4,NULL),('4028814826a7d35c0126a824e512007a','穗南(HUINAN ELECTRONIC )','resource/upload/common/img/2010-03-14_14-25-08_484-acer-4710.jpg','穗南(HUINAN ELECTRONIC )','A2040','A2040','8620-31020383','8620-31020383','8620-31022408','www.nintendo.com','www.nintendo.com','穗南(HUINAN ELECTRONIC )',NULL,'4','*SYSTEM','2010-03-14 14:25:08','QQ : 76264794',2,NULL),('4028814826a7d35c0126a825c82e007e','泰格(TRICO ELECTRON TRADING HONG)','resource/upload/common/img/2010-03-14_14-21-29_031-acer-4710.jpg','泰格(TRICO ELECTRON TRADING HONG)','B3047','B3047','8620-81256369','8620-81256369','8620-81256369','supertrico@hotmail.com','supertrico@hotmail.com','video game accessories for wii,NDS,360,PSP etc.',NULL,'1','*SYSTEM','2010-03-14 14:21:31','QQ : 76264794',5,NULL),('4028814826a7d35c0126a8279954008f','昊彩(HAOCAI Elecronics Co.,Ltd)','resource/upload/common/img/2010-03-14_14-20-07_890-acer-4710.jpg','昊彩(HAOCAI Elecronics Co.,Ltd)','A2040','A2040','8620-22080245','1335000000000','8620-31022408','www.base168.com','www.jinying-22.cn','manufacturing',NULL,'1','*SYSTEM','2010-03-14 14:20:08','',3,NULL),('4028814826c7bdd70126c7bf56250010','TONY (CHANG DA TELECOMMUNICATION/TONY)','resource/upload/common/img/2010-03-14_14-20-27_078-acer-4710.jpg','TONY (CHANG DA TELECOMMUNICATION/TONY)','A3001,B1005','A3001,B1005','8620-81014015','8620-81014015','8620-81014015','tonyxiong6@hotmail.com','tonyxiong6@hotmail.com','Mobile Phone Monitors(Blackberry Iphone Htc Nokia etc.)',NULL,'3','*SYSTEM','2010-03-14 14:20:28','QQ : 76264794',3,NULL),('4028814826c7ca500126c7cbddba0010','琦国(QG Electronical Enterprise)','resource/upload/common/img/2010-03-14_14-18-27_343-acer-4710.jpg','琦国(QG Electronical Enterprise)','4003C','4003C','8620-81331213','8620-81331213','lingfeng121@hotmail.com','lingfeng121@hotmail.com','lingfeng121@hotmail.com','Specialized in All kinds of protection case，screenguard etc。',NULL,'2','*SYSTEM','2010-03-14 14:18:27','lingfeng121@hotmail.com',4,NULL);

/*Table structure for table `company_category` */

DROP TABLE IF EXISTS `company_category`;

CREATE TABLE `company_category` (
  `category_id` varchar(50) DEFAULT NULL,
  `category_name` varchar(50) DEFAULT NULL,
  `category_level` int(11) DEFAULT NULL
) ENGINE=InnoDB DEFAULT CHARSET=utf8;

/*Data for the table `company_category` */

insert  into `company_category`(`category_id`,`category_name`,`category_level`) values ('1','动漫',1),('2','电子游戏机',1),('3','手机',1),('4','通讯配件',1);

/*Table structure for table `news` */

DROP TABLE IF EXISTS `news`;

CREATE TABLE `news` (
  `news_id` varchar(50) DEFAULT NULL,
  `news_type` varchar(50) DEFAULT NULL,
  `news_title` varchar(50) DEFAULT NULL,
  `news_content` varchar(20000) DEFAULT NULL,
  `updated_user` varchar(50) DEFAULT NULL,
  `updated_time` datetime DEFAULT NULL,
  `click_count` double DEFAULT NULL
) ENGINE=InnoDB DEFAULT CHARSET=utf8;

/*Data for the table `news` */

insert  into `news`(`news_id`,`news_type`,`news_title`,`news_content`,`updated_user`,`updated_time`,`click_count`) values ('402881482694159201269423436f0021','2','浏览器也能双核 “Dual-Core”搜狗正风行','<p>自从CPU世界诞生了双核处理器之后，人们似乎对 双核的概念情有独钟，什么事都爱和双核占个边。如一个球队场上同时拥有两个核心例如火箭队之前的姚明和麦蒂，称之为双核；如公司中同时拥有两个领导，也称之为双核等等。</p>\r\n<p style=\"text-align: center;\"><img alt=\"\" src=\"http://news.csdn.net/a//uploads/2010/02/02/20100202-161745-pic1.jpg\" /></p>\r\n<p>如今，浏览器也赶了回时尚，搜狗最新出品的2.0版浏览器也率先实现了双核。不过和前面提到的以概念化为主的双核不同，搜狗浏览器的双核可是实打实的。</p>\r\n<p><strong>浏览器中的核</strong></p>\r\n<p>这里先普及一下浏览器中核的概念，通常所说的浏览器内核指的是浏览器所采用的渲染引擎，渲染引擎决定了浏览器如何显示网页的内容以及页面的格式信息。因此不同内核浏览器对同一网页的显示效果和显示速度可能会有不同。</p>\r\n<p>目前国内常见的核有三类：Trident核（IE核）、Webkit核和Geckos核。我们熟知的IE浏览器是使用Trident核的代表，打开 网页速度极快的Google Chrome是使用Webkit核的代表，因丰富的插件受不少网友欢迎的Firefox浏览器是使用Geckos核的代表。</p>\r\n<p><strong>搜狗升级双核：1+12</strong></p>\r\n<p>2.0版之前的搜狗浏览器一直采用的是IE内核，从2.0版开始，搜狗浏览器加入了Webkit核（即下图中的高速模式），成为名副其实的双核浏览器。</p>\r\n<p style=\"text-align: center;\"><img alt=\"\" src=\"http://news.csdn.net/a//uploads/2010/02/02/20100202-161831-pic1.jpg\" /></p>\r\n<p>IE核的特点是兼容性好，几乎能正常显示所有网页，但显示速度有所欠缺；Webkit核的特点是显示速度极快，但兼容性不及IE核。搜狗浏览器扬长避短，通过智能选择内核的方式很好地结合了两核的优势。</p>\r\n<p style=\"text-align: center;\"><img alt=\"\" src=\"http://news.csdn.net/a//uploads/2010/02/02/20100202-161908-pic1.jpg\" /></p>\r\n<p>对浏览器比较懂行的用户可以自行设置哪些网页使用哪个核打开，而那些对浏览器不太懂的用户则可以将这个选择权交给浏览器，由浏览器帮助判断。在保障效率的同时，也给了用户充分的选择自由。</p>\r\n<p><strong>双核 谁最需要你？</strong></p>\r\n<p>也许有朋友会问：我用了这么久的IE浏览器，也没有觉得不方便啊，为什么要用所谓的双核浏览器？</p>\r\n<p>因为双核浏览器浏览网页更快，而且在兼容性方面的体验也丝毫没有减弱。通常在IE浏览器下需要花费5，6秒才能打开的网页在双核浏览器下只要1，2秒即可打开。</p>\r\n<p>而像在偷菜这样对时间把握要求很高的游戏中，很多人因网页打开速度太慢而影响到了偷菜效率，这样的教训数不胜数。</p>\r\n<p>对于这些对上网速度有一定要求的朋友来说，双核浏览器无疑是最佳选择，在不降低上网体验的同时极大地提高了上网速度，不仅节约了宝贵的等待时间更大大提高了上网效率。</p>\r\n<p><strong>我的浏览器我做主</strong></p>\r\n<p>双核不只是一种时尚，更是一种品牌。搜狗浏览器自从打上Dual-Core的标签之后，已成为业界最知名的品牌之一。</p>\r\n<p style=\"text-align: center;\"><img alt=\"\" src=\"http://news.csdn.net/a//uploads/2010/02/02/20100202-162044-pic1.jpg\" /></p>\r\n<p>双核还是一种趋势，相信在搜狗推出双核浏览器之后，其他浏览器厂商也都会纷纷效仿，这一次，搜狗又走在了时尚潮流的前端。</p>\r\n<p>如今市场上的浏览器品牌繁多，像主打功能牌的Firefox浏览器，主打高端牌的Google Chrome浏览器，也有主打安全牌的360浏览器。用户常常在选择中迷失自我，不知该用哪个，只能任凭浏览器厂商来回折腾。</p>\r\n<p>浏览器的核心功能本来是浏览网页，浏览网页的速度对于用户而言才是最重要的。最快的浏览器才能给用户带来最佳的上网体验，而双核浏览器的推出，其实也正是顺应了这种趋势。</p>\r\n<p>Dual-Core搜狗，双核你的浏览！</p>','*SYSTEM','2010-02-03 22:02:04',NULL),('4028814826a6ef2a0126a6f52d2d001d','1','『每周雷图』T型台=天雷台（27p）','本周大家将要游览到的雷区是时尚界的中心，潮流的发源地：T型台。有道是天才跟疯子只有一线之隔，时尚跟雷区也只有一步之遥，至于下面这些到底是时尚还是天雷，就由大家决定好了。\r\n<h3>模特？吃豆人？</h3>\r\n<p><a target=\"_blank\" href=\"http://nymag.com/fashion/fashionshows/2009/spring/main/europe/womenrunway/gilesdeacon/#\">08年伦敦时装周Gukes Deacon秀</a></p>\r\n<h3 style=\"margin: 0px; padding: 8px 0px;\"><img height=\"386\" border=\"0\" width=\"450\" src=\"http://www.jfdaily.com/jfimg/2010-06/1309362.jpg\" title=\"a96956_a592_1-helmets\" style=\"margin: 0px auto; padding: 3px; vertical-align: middle; display: block; float: none;\" alt=\"『每周雷图』T型台=天雷台（27p） - JuliaD - 抄娘日记\" /></h3>\r\n<h3 style=\"margin: 0px; padding: 8px 0px;\">星球大战？</h3>\r\n<p style=\"margin: 10px 0px 15px; padding: 0px; overflow: auto; text-indent: 2em;\">Thom Browne09春季秀的压轴大作（左边这个就是设计师在生活中。。。）</p>\r\n<h3 style=\"margin: 0px; padding: 8px 0px;\"><img height=\"378\" border=\"0\" width=\"450\" src=\"http://www.jfdaily.com/jfimg/2010-06/1309363.jpg\" title=\"a96956_a592_2-browne\" style=\"margin: 0px auto; padding: 3px; vertical-align: middle; display: block; float: none;\" alt=\"『每周雷图』T型台=天雷台（27p） - JuliaD - 抄娘日记\" /></h3>\r\n<h3 style=\"margin: 0px; padding: 8px 0px;\">活动的旋转木马：</h3>\r\n<p style=\"margin: 10px 0px 15px; padding: 0px; overflow: auto; text-indent: 2em;\">Manish Aroro09年春夏秀，左边是穿着这身出席欧洲MTV大奖的歌手Katy Perry，音乐家们的审美还真是与众不同啊，这点看<a target=\"_blank\" style=\"margin: 0px; padding: 0px; color: rgb(51, 51, 51); text-decoration: underline; font-weight: 700;\" href=\"http://meirixiaochao.com/tag/lady-gaga/\">Lady Gaga</a>就知道了。</p>\r\n<h3 style=\"margin: 0px; padding: 8px 0px;\"><img height=\"364\" border=\"0\" width=\"450\" src=\"http://www.jfdaily.com/jfimg/2010-06/1309364.jpg\" title=\"a96956_a592_3-carrousel\" style=\"margin: 0px auto; padding: 3px; vertical-align: middle; display: block; float: none;\" alt=\"『每周雷图』T型台=天雷台（27p） - JuliaD - 抄娘日记\" /></h3>\r\n<h3 style=\"margin: 0px; padding: 8px 0px;\">来自外太空的高跟鞋：</h3>\r\n<p style=\"margin: 10px 0px 15px; padding: 0px; overflow: auto; text-indent: 2em;\">Alexander McQueen的十英寸异形高跟鞋，我非常同情这些在他2010年春夏发布上走秀的模特。。。</p>\r\n<h3 style=\"margin: 0px; padding: 8px 0px;\"><img height=\"500\" border=\"0\" width=\"290\" src=\"http://www.jfdaily.com/jfimg/2010-06/1309365.jpg\" title=\"a96956_a592_4-stileto\" style=\"margin: 0px auto; padding: 3px; vertical-align: middle; display: block; float: none;\" alt=\"『每周雷图』T型台=天雷台（27p） - JuliaD - 抄娘日记\" /></h3>\r\n<h3 style=\"margin: 0px; padding: 8px 0px;\">套套装：</h3>\r\n<p style=\"margin: 10px 0px 15px; padding: 0px; overflow: auto; text-indent: 2em;\">中国也上榜了哦，看近一点，这些看似正常的衣服可都是套套做的哦。展出地点是中国生殖健康新技术和产品博览会。。。（<a target=\"_blank\" style=\"margin: 0px; padding: 0px; color: rgb(51, 51, 51); text-decoration: underline; font-weight: 700;\" href=\"http://bellaglam.lovelyish.com/718444916/crazy-condom-runway-show/\">更多</a>）</p>\r\n<h3 style=\"margin: 0px; padding: 8px 0px;\"><img height=\"352\" border=\"0\" width=\"450\" src=\"http://www.jfdaily.com/jfimg/2010-06/1309366.jpg\" title=\"a96956_a592_6-condoms\" style=\"margin: 0px auto; padding: 3px; vertical-align: middle; display: block; float: none;\" alt=\"『每周雷图』T型台=天雷台（27p） - JuliaD - 抄娘日记\" /></h3>\r\n<h3 style=\"margin: 0px; padding: 8px 0px;\">流浪妹装？</h3>\r\n<p style=\"margin: 10px 0px 15px; padding: 0px; overflow: auto; text-indent: 2em;\">脏兮兮的头发，乱糟糟的颜色，这就是时尚啊？</p>\r\n<h3 style=\"margin: 0px; padding: 8px 0px;\"><img height=\"421\" border=\"0\" width=\"450\" src=\"http://www.jfdaily.com/jfimg/2010-06/1309367.jpg\" title=\"a96956_a592_7-hippie\" style=\"margin: 0px auto; padding: 3px; vertical-align: middle; display: block; float: none;\" alt=\"『每周雷图』T型台=天雷台（27p） - JuliaD - 抄娘日记\" /></h3>\r\n<h3 style=\"margin: 0px; padding: 8px 0px;\">立方体头和乌鸦装？</h3>\r\n<h3 style=\"margin: 0px; padding: 8px 0px;\"><img height=\"324\" border=\"0\" width=\"450\" src=\"http://www.jfdaily.com/jfimg/2010-06/1309368.jpg\" title=\"a96956_a592_8-oz\" style=\"margin: 0px auto; padding: 3px; vertical-align: middle; display: block; float: none;\" alt=\"『每周雷图』T型台=天雷台（27p） - JuliaD - 抄娘日记\" /></h3>\r\n<h3 style=\"margin: 0px; padding: 8px 0px;\">自带照明灯：</h3>\r\n<p style=\"margin: 10px 0px 15px; padding: 0px; overflow: auto; text-indent: 2em;\">想一直是众人目光的焦点吗？这些衣服最适合你了&hellip;&hellip;</p>\r\n<h3 style=\"margin: 0px; padding: 8px 0px;\"><img height=\"327\" border=\"0\" width=\"450\" src=\"http://www.jfdaily.com/jfimg/2010-06/1309369.jpg\" title=\"a96956_a592_9-spotlight\" style=\"margin: 0px auto; padding: 3px; vertical-align: middle; display: block; float: none;\" alt=\"『每周雷图』T型台=天雷台（27p） - JuliaD - 抄娘日记\" /></h3>\r\n<h3 style=\"margin: 0px; padding: 8px 0px;\">魔方装：</h3>\r\n<p style=\"margin: 10px 0px 15px; padding: 0px; overflow: auto; text-indent: 2em;\">08年米兰时装周</p>\r\n<h3 style=\"margin: 0px; padding: 8px 0px;\"><img height=\"388\" border=\"0\" width=\"450\" src=\"http://www.jfdaily.com/jfimg/2010-06/1309370.jpg\" title=\"a96956_a592_10-milan\" style=\"margin: 0px auto; padding: 3px; vertical-align: middle; display: block; float: none;\" alt=\"『每周雷图』T型台=天雷台（27p） - JuliaD - 抄娘日记\" /></h3>\r\n<h3 style=\"margin: 0px; padding: 8px 0px;\">小丑裙？迈克尔杰克逊裙？</h3>\r\n<p style=\"margin: 10px 0px 15px; padding: 0px; overflow: auto; text-indent: 2em;\">向流行之王致敬也不用这样吧。。。</p>\r\n<h3 style=\"margin: 0px; padding: 8px 0px;\"><img height=\"498\" border=\"0\" width=\"450\" src=\"http://www.jfdaily.com/jfimg/2010-06/1309371.jpg\" title=\"a96956_a592_11-mj\" style=\"margin: 0px auto; padding: 3px; vertical-align: middle; display: block; float: none;\" alt=\"『每周雷图』T型台=天雷台（27p） - JuliaD - 抄娘日记\" /></h3>\r\n<h3 style=\"margin: 0px; padding: 8px 0px;\">僵尸透视装</h3>\r\n<p style=\"margin: 10px 0px 15px; padding: 0px; overflow: auto; text-indent: 2em;\">请注意两位男模的袜子。。。</p>\r\n<h3 style=\"margin: 0px; padding: 8px 0px;\"><img height=\"454\" border=\"0\" width=\"450\" src=\"http://www.jfdaily.com/jfimg/2010-06/1309372.jpg\" title=\"a96956_catwalk13\" style=\"margin: 0px auto; padding: 3px; vertical-align: middle; display: block; float: none;\" alt=\"『每周雷图』T型台=天雷台（27p） - JuliaD - 抄娘日记\" /></h3>\r\n<h3 style=\"margin: 0px; padding: 8px 0px;\">骷髅头：</h3>\r\n<p style=\"margin: 10px 0px 15px; padding: 0px; overflow: auto; text-indent: 2em;\">天黑了千万别看啊，会做噩梦的</p>\r\n<h3 style=\"margin: 0px; padding: 8px 0px;\"><img height=\"337\" border=\"0\" width=\"450\" src=\"http://www.jfdaily.com/jfimg/2010-06/1309373.jpg\" title=\"a96956_catwalk14\" style=\"margin: 0px auto; padding: 3px; vertical-align: middle; display: block; float: none;\" alt=\"『每周雷图』T型台=天雷台（27p） - JuliaD - 抄娘日记\" /></h3>\r\n<h3 style=\"margin: 0px; padding: 8px 0px;\">尿布装：</h3>\r\n<p style=\"margin: 10px 0px 15px; padding: 0px; overflow: auto; text-indent: 2em;\">这真的是时尚？确定不是成人尿布套一套就上台了？？男模们，我也很同情你们</p>\r\n<h3 style=\"margin: 0px; padding: 8px 0px;\"><img height=\"500\" border=\"0\" width=\"298\" src=\"http://www.jfdaily.com/jfimg/2010-06/1309374.jpg\" title=\"a96956_catwalk15\" style=\"margin: 0px auto; padding: 3px; vertical-align: middle; display: block; float: none;\" alt=\"『每周雷图』T型台=天雷台（27p） - JuliaD - 抄娘日记\" /></h3>\r\n<h3 style=\"margin: 0px; padding: 8px 0px;\">雨衣人与&hellip;&hellip;：</h3>\r\n<p style=\"margin: 10px 0px 15px; padding: 0px; overflow: auto; text-indent: 2em;\">左边我还能叫声雨衣人，右边这位我就真的无言以对了。</p>\r\n<p align=\"center\" style=\"margin: 10px 0px 15px; padding: 0px; overflow: auto; text-indent: 2em;\"><img height=\"377\" border=\"0\" width=\"230\" src=\"http://www.jfdaily.com/jfimg/2010-06/1309375.jpg\" title=\"raincoat\" style=\"margin: 0px; padding: 3px; vertical-align: middle; display: inline;\" alt=\"『每周雷图』T型台=天雷台（27p） - JuliaD - 抄娘日记\" /><img height=\"375\" border=\"0\" width=\"250\" src=\"http://www.jfdaily.com/jfimg/2010-06/1309376.jpg\" title=\"weird-fashion-01\" style=\"margin: 0px; padding: 3px; vertical-align: middle; display: inline;\" alt=\"『每周雷图』T型台=天雷台（27p） - JuliaD - 抄娘日记\" /></p>\r\n<p>看完上面这些介于天雷和时尚之间的T型台，我只想说，艺术家真的不是一般人啊～～</p>','*SYSTEM','2010-02-07 13:44:30',NULL),('4028814826a6ef2a0126a6f73d310021','3','太空蜗牛：沉浸在童心未泯的软陶世界','<img title=\"太空蜗牛：沉浸在软陶世界童心未泯 - 小油菜 - 网易油菜地\" alt=\"太空蜗牛：沉浸在软陶世界童心未泯 - 小油菜 - 网易油菜地\" src=\"http://img96.ph.126.net/ZyBXdeUdWSkFVprqVARK8w==/2044915705804810344.jpg\" />\r\n<p><font size=\"2\">本期油菜：太空蜗牛<br />\r\n目前所在地：重庆市 九龙坡区 <br />\r\n</font><font size=\"2\">自我介绍：简单并快乐着。。。哦耶,简单尊好^O^ <br />\r\n博客名称：太空蜗牛的爱心房子<br />\r\n博客地址：<a href=\"http://blog.163.com/wangn_0123/\">http://blog.163.com/wangn_0123/</a></font></p>\r\n<p><font size=\"2\">&ldquo;太 空蜗牛&rdquo;来自距离地球很远很远的蜗牛星（据说就在土土星的旁边）。沉浸在软陶世界的她，凭借来自太空的想象力、灵巧的双手，制作或搞笑、或精致、或灵气十 足的软陶卡通形象、软陶漫画、插图等作品。透过她200余篇博客日志、1580余张照片，小油菜仿佛也跟着她去了充满童话故事的蜗牛星。</font></p>\r\n<p><strong>软陶世界里，充满童话般幸福</strong></p>\r\n<p><font size=\"2\">可白、可可、趴趴猫、火鸡、超人、福猪、&hellip;.一件又一件活灵活现的软陶玩偶看的小油菜眼花缭乱。&ldquo;软陶，真的太喜欢了！&rdquo;太空蜗牛在博客中说道。看似简单的一句话，小油菜却对太空蜗牛佩服的五体投地。深深相信，沉浸在软陶世界里的蜗牛，心中充满了童话般的幸福。<br />\r\n<img title=\"太空蜗牛：沉浸在软陶世界童心未泯 - 小油菜 - 网易油菜地\" alt=\"太空蜗牛：沉浸在软陶世界童心未泯 - 小油菜 - 网易油菜地\" src=\"http://img1.ph.126.net/m5sHfkq_qImXa2gaGhb_qA==/3178415437018342378.jpg\" /><br />\r\n<img title=\"太空蜗牛：沉浸在软陶世界童心未泯 - 小油菜 - 网易油菜地\" alt=\"太空蜗牛：沉浸在软陶世界童心未泯 - 小油菜 - 网易油菜地\" src=\"http://img162.ph.126.net/1NrM0BSoVM2jTHwoFBimng==/1593711318137020847.jpg\" />&nbsp;&nbsp;&nbsp; <br />\r\n（</font><font size=\"2\">图为太空蜗牛制作的软陶作品）&nbsp;</font></p>\r\n<p><a target=\"_blank\" href=\"http://blog.163.com/wangn_0123/blog/static/171876272008048535657/\"><strong><font size=\"2\">《种爱----给森林的礼物》：</font></strong></a><font size=\"2\">我 在春天种下一个爱，然后秋天收获很多的爱。啊！真是太棒了！可是爱的种子是什么样的呢？蜗牛被难住了。蜗牛想到了月亮婆婆，马上call下婆婆，问道：我 亲爱的婆婆啊，你说那个爱的种子是什么样子的呢？婆婆可能没有想到会有人问这么有难度的问题，想了半晌才回答说：爱的种子就是天使吧。蜗牛若有所思的重复 道：哦原来是天屎哦。</font></p>\r\n<p><strong>蜗牛宠物：一只叫&ldquo;可白&rdquo;的熊猫兔<br />\r\n</strong><font size=\"2\">&ldquo;可白&rdquo;是谁？bingo，就是<img title=\"太空蜗牛：沉浸在软陶世界童心未泯 - 小油菜 - 网易油菜地\" alt=\"太空蜗牛：沉浸在软陶世界童心未泯 - 小油菜 - 网易油菜地\" src=\"http://img32.bimg.126.net/photo/C9aMoAoi2duZERUxwQk_WQ==/866098503338817847.jpg\" />。在太空蜗牛创作了太多原创形象，而这只叫&ldquo;可白&rdquo;的熊猫兔，是网络上最受欢迎的一个，也是小油菜的最爱！当小油菜在太空蜗牛的博客中看到可白的原型，一只可爱的宠物兔时，小油菜惊喜万分！也特别为博友们揭开太空蜗牛与&ldquo;可白&rdquo;的快乐生活。<br />\r\n<img title=\"太空蜗牛：沉浸在软陶世界童心未泯 - 小油菜 - 网易油菜地\" alt=\"太空蜗牛：沉浸在软陶世界童心未泯 - 小油菜 - 网易油菜地\" src=\"http://img153.ph.126.net/G6EZbmL3LOzCTYMx6hePVA==/3032048449128543310.jpg\" /><br />\r\n</font><a target=\"_blank\" href=\"http://blog.163.com/wangn_0123/blog/static/17187627200793165434935/\"><strong><font size=\"2\">《可白一家》：</font></strong></a><font size=\"2\">可白一家的照片终于出炉了，可白和8个小宝宝与大家见面了，闲话少说，看照片^O^ 更多照片去相册看，简直无敌可爱啊，啊，啊，啊^O^&nbsp;<br />\r\n<br />\r\n</font></p>\r\n<p><strong>&ldquo;太空蜗牛&rdquo;在地球：简单并快乐生活</strong></p>\r\n<p><font size=\"2\">现 实中的太空蜗牛，生活在重庆，爱养花，养鱼，养小动物，过着简单生活。她在博客中写道，&ldquo;感觉这份简单的快乐，天天都微笑着面对这个社会，坦诚的对待我的 每个朋友，于是我收获了很多，顿时变得好富有。好多人都羡慕我拥有的这些财富，他们也好想过这样的生活，于是我对他们说：生活不就是自己想怎么过就怎么过 么？&rdquo;<br />\r\n<img title=\"太空蜗牛：沉浸在软陶世界童心未泯 - 小油菜 - 网易油菜地\" alt=\"太空蜗牛：沉浸在软陶世界童心未泯 - 小油菜 - 网易油菜地\" style=\"float: left\" src=\"http://img120.ph.126.net/jfYcJJLnKKFNvuriIhOcSQ==/1631991914969809428.jpg\" /><br />\r\n<br />\r\n</font></p>\r\n<p>&nbsp;</p>\r\n<p>&nbsp;</p>\r\n<p>&nbsp;</p>\r\n<p>&nbsp;</p>\r\n<p>&nbsp;</p>\r\n<p>&nbsp;</p>\r\n<p>&nbsp;</p>\r\n<p>&nbsp;</p>\r\n<p>&nbsp;</p>\r\n<p>&nbsp;</p>\r\n<p>&nbsp;</p>\r\n<p>&nbsp;</p>\r\n<p><br />\r\n<br />\r\n<a target=\"_blank\" href=\"http://blog.163.com/wangn_0123/blog/static/1718762720074441238936/\"><strong><font size=\"2\">《创意市集》</font></strong></a><font size=\"2\">：五一参加了重庆的创意市集，第一次参加这样的活动，蛮是新奇蛮是开心的，可以将自己的东西展示出来，让更多人看到，看看自己的东西到底有多少人喜欢。谢谢在市集上买偶东东的朋友们，谢谢那些喜欢偶东东的朋友们，谢谢那些来看偶的朋友们，偶爱你们=3=。<br />\r\n<img title=\"太空蜗牛：沉浸在软陶世界童心未泯 - 小油菜 - 网易油菜地\" alt=\"太空蜗牛：沉浸在软陶世界童心未泯 - 小油菜 - 网易油菜地\" src=\"http://img.ph.126.net/7TCkTkq7yxX4eQ_H5mBSUA==/3259480230309862786.jpg\" /><br />\r\n（图为太空蜗牛参加重庆创意集市的照片）<br />\r\n<br />\r\n<strong>小油菜手记：</strong>太 空蜗牛曾在一次采访中说到，&ldquo;我是一只不断前进的蜗牛，虽然动作有些缓慢；我的壳是心形的，因为我心中充满爱；我这个充满爱的小房子，是蜗牛的小小世界； 但我要让大家都住进来，感觉我的这分简单的快乐&hellip;&rdquo;而小油菜想和大家说的是，和太空蜗牛一样拥有童话般的心就能拥有整个童话般的世界。</font></p>','*SYSTEM','2010-02-13 15:01:58',NULL),('4028814826a6ef2a0126a6f8bf3d0026','4','广东江门男子闯入医院砍伤4名女医生(组图)','<p class=\"summary\">核心提示：2月6日下午，广东省江门一家医院发生医护人员被砍血案。凶手持菜刀闯进医院砍伤5人，其中4名是医护人员，均为女性。据目击者称，在民警围夹的时候，凶手还曾想跳楼自杀。院方表示将在7日举行第二场新闻发布会通报详情。</p>\r\n<div id=\"endText\">\r\n<p class=\"f_center\"><img src=\"http://img1.cache.netease.com/cnews/2010/2/7/2010020701521095b69.jpg\" alt=\"\" /></p>\r\n<p>五邑中医院三号楼三楼肾病科医生办公室，地面血迹已经清理干净，医院恢复正常工作状态。信息时报记者 叶伟报 摄</p>\r\n<p class=\"f_center\"><img src=\"http://img2.cache.netease.com/cnews/2010/2/7/20100207015137ec0e6.jpg\" alt=\"\" /></p>\r\n<p class=\"f_center\">曾获得&ldquo;江门市十大杰出青年&rdquo;的余尚贞。</p>\r\n<p class=\"f_center\"><img src=\"http://img1.cache.netease.com/cnews/2010/2/7/201002070151242065e.jpg\" alt=\"\" /></p>\r\n<p>5名伤者在手术后均无生命危险。本版摄影 信息时报记者 叶伟报</p>\r\n<p><strong>信息时报2月7日报道</strong>&nbsp;昨日下午，市民J小姐向信息时报报料，称她上网发现，省卫生厅副厅长廖新波在&ldquo;围脖&rdquo;中透露，江门一家医院发生医护人员被砍血案。记者随即向江门方面核实，得知确有其事，医院此前已就案情召开发布会通报。</p>\r\n<p>记者昨晚赶到案发地江门市五邑中医院时发现，该院是一座仿园林式建筑的医院，虽然刚刚发生惨剧，但已恢复平静，不少住院患者在楼下来回走动。记者随 后来到医院3号楼的2楼神经科，这里正是凶手梁健刚首次行凶的地点，记者看到现场也已恢复正常工作，两名当值医生正在为患者整理病历。</p>\r\n<p>据悉，凶手在伤人后被医院工作人员及群众追逼到院门诊大楼六楼的一个小房间，最终束手就擒。案发后，省、江门市领导高度重视，副省长雷于蓝、江门市 委市政府领导立即作出指示，要求全力抢救伤员，从速从快作出处理。受雷于蓝副省长和省卫生厅委托，省卫生厅副厅长廖新波立即赶赴江门，部署医疗救治和处置 工作。</p>\r\n<p>据介绍，5名伤者中，有4名是医护人员，均为女性，其中一名为脑病科主任，一名是该院的实习生，而被砍伤的病人是该院一名69岁的男性患者。被砍伤 的5人中，大多是肩背部或手臂受伤，有的断了骨头，有的断了肌腱，还有的被砍伤了手掌，其中有两人伤势较轻，3人伤势相对较重。截至记者发稿时，5名受害 人病情基本稳定，无生命危险。</p>\r\n<p><strong>目击者</strong></p>\r\n<p><strong>&ldquo;看得出凶手</strong></p>\r\n<p><strong>要大开杀戒&rdquo;</strong></p>\r\n<p>据称，凶手虽然只有1.5米左右的个头，但出手时都很凶，且头戴着摩托头盔，&ldquo;能看出是做好了准备来大开杀戒的&rdquo;，目击者刘医生表示，在民警围夹的时候，凶手还曾想跳楼自杀，并有抢夺警察配枪的行为。</p>\r\n<p>一名在2号楼3楼值班的刘护工向记者详细回忆了当时的情况，&ldquo;当时病房里只有我和两个病人，突然听到外有叫闹声，我跑到门口一看，(凶手)正冲入到 医生值班室，关掉门便很疯狂地砍，然后一个医生跑了出来，门打开后所有人都跑了。&rdquo;刘护工回想起当时的情况便捂起了眼睛，&ldquo;很怕，我马上关上了门，如果 (他)冲进病房，后果就不堪设想了。&rdquo;</p>\r\n<p>刘护工当时所在的病房正对着医生值班室，而病房内正住着两位肾内科病人。&ldquo;我正睡着，突然听到砰砰的响，开始还以为是楼顶掉东西了呢&rdquo;，其中一名病人雷姨说。事后，雷姨才听到人家说有人拿菜刀在砍人，吓得连话都不敢说了。</p>\r\n<p><strong>受伤女医生 醒来首先关心同事</strong></p>\r\n<p>第一个被砍的余尚贞医生三天前正从江门市市长那里接过&ldquo;全国优秀医务工作者&rdquo;称号证书。据五邑中医院宣传科负责人黄嫦娥介绍，余尚贞是几个人中伤势最重的，因其手臂血管被砍断，需用微创手术一根根接上。</p>\r\n<p>而昨晚手术后清醒后，她第一句话便说&ldquo;我要去看伍院长。&rdquo;她表示，当时凶手在砍人的时候还一边喊着说要去找该院的伍院长。</p>\r\n<p>据悉，余尚贞医生曾师从全国名老中医梅国强教授，系国家中医药重点专科学科带头人、广东省中西医结合学会神经科专业委员会常委、广东省中医药学会脑病专业委员会常委、广州中医药大学及湖南中医学院兼职教授。2008年5月，余尚贞更被评为&ldquo;江门市十大杰出青年&rdquo;。</p>\r\n<p><strong>看病勇民警</strong></p>\r\n<p><strong>房中对峙 将凶手逼入死角</strong></p>\r\n<p>据悉，凶手从3号楼的2楼一路砍上去，到了3楼时便被保安围住，随后便被逼下楼，该院负责保卫工作的副院长廖晓春也亲自参与围捕。随后，十几人将凶手逼到了门诊楼6楼，凶手闯入理疗室并继续砍伤了正在该室理疗的患者叶牛。</p>\r\n<p>当围夹人员与凶手在门内外形成对峙时，此时，江海区公安局民警覃肃然正在理疗室做理疗。警察的职业敏感马上发挥作用，覃肃然迅速在内接应与凶手进行周旋，并配合围夹人员再次将凶手逼至一个小房间，最终夺取凶手手中菜刀，将其制服。</p>\r\n<p><strong>动机猜测：</strong></p>\r\n<p><strong>医疗纠纷？内部恩怨？</strong></p>\r\n<p>记者昨日在医院采访过程中了解到，不少人都认为能凶手到场后目的性很强，基本是选择医生砍，说明对医生有严重的报复心理，怀疑是否之前有和医院发生过医疗纠纷。</p>\r\n<p>对此，记者采访了医院相关负责人，他们都表示目前还没有证据表明是医疗纠纷所引起的。不过，记者从医院知情人士口中得知，事发后医院曾打电话给凶手哥哥，因其哥哥曾承包过医院食堂，而梁健刚也曾在其饭堂工作过。</p>\r\n<p>但奇怪的是，其哥哥接到电话后并未出现，其妻子以及10岁的儿子也并未在事发后赶到。而院方也表示将在今日举行第二场新闻发布会，通报更多详情。</p>\r\n<p><strong>江门市&ldquo;2&middot;6&rdquo;事件受伤人员情况表</strong></p>\r\n<p>姓名</p>\r\n<p>余尚贞</p>\r\n<p>禤晓燕</p>\r\n<p>廖军芳</p>\r\n<div class=\"gg200x300\"><iframe scrolling=\"no\" height=\"300\" frameborder=\"no\" width=\"200\" marginheight=\"0\" marginwidth=\"0\" border=\"0\" src=\"http://g.163.com/r?site=netease&amp;affiliate=news&amp;cat=article&amp;type=tvscreen200x300&amp;location=1\"></iframe></div>\r\n<p>黎维明</p>\r\n<p>叶牛</p>\r\n<p>身份</p>\r\n<p>脑病科主任</p>\r\n<p>肾病科医生</p>\r\n<p>针灸理疗科医生</p>\r\n<p>实习生</p>\r\n<p>患者</p>\r\n<p>年龄(岁)</p>\r\n<p>45</p>\r\n<p>31</p>\r\n<p>44</p>\r\n<p>22</p>\r\n<p>69</p>\r\n<p>伤情</p>\r\n<p>右侧肋骨骨折，右手臂肌腱断裂</p>\r\n<p>右手掌离断伤</p>\r\n<p>左肩部刀伤</p>\r\n<p>右前臂刀伤</p>\r\n<p>左前臂刀伤</p>\r\n(本文来源：<a href=\"http://media.163.com/special/007625CB/dyw.html\">信息时报</a>  作者：李楠楠 张配吉 叶伟报) <a href=\"http://news.163.com/\"><img height=\"11\" border=\"0\" width=\"12\" class=\"icon\" alt=\"邓小院\" src=\"http://img1.cache.netease.com/cnews/img07/end_i.gif\" /></a></div>','*SYSTEM','2010-02-07 13:48:24',NULL),('4028814826a6ef2a0126a6fb1bbb002a','1','美媒：中国正开工建造第三艘元级常规潜艇','<p class=\"summary\">核心提示：美国环球战略网5日报道，中国潜艇在过去的十年里曾屡次出现在日本及韩国沿海地区。中国已经建造了两艘&ldquo;元&rdquo;级潜艇，并且第二艘在第一艘的基础上进行了改进，目前正在建造的第三艘&ldquo;元&rdquo;级潜艇是改进型，或者称39C型。</p>\r\n<p class=\"f_center\"><img src=\"http://img2.cache.netease.com/cnews/2010/2/7/201002071011164230a.jpg\" alt=\"\" /></p>\r\n<p class=\"f_center\">资料图：被北约成为元级的中国海军新型常规潜艇</p>\r\n<p class=\"f_center\"><img src=\"http://img1.cache.netease.com/cnews/2010/2/7/2010020710111501ba6.jpg\" alt=\"\" /></p>\r\n<p class=\"f_center\">资料图：2009年海上<a href=\"http://news.163.com/special/guoqing60/\">阅兵</a>期间，中国海军展示的潜艇编队</p>\r\n<p><strong>东方网2月7日报道</strong>&nbsp;据美国环球战略网5日报道，台湾海军近日在其某个主要海军基地侦查到了一艘不明潜艇。台军舰和直升机追捕该目标时其已经离开。台湾方面认为这艘不明潜艇属于中国大陆，其原因是在于，中国潜艇在过去的十年里还曾屡次出现在日本及韩国沿海地区。</p>\r\n<p>两年前，日本增加了在日本领海附近国际水域进行反潜巡逻的次数。在那里，中国潜艇的活动明显日益频繁，与日本、韩国以及美国战舰玩&ldquo;捉迷藏&rdquo;。美国 还调动其空基海上搜查力量支援日本。在过去几年里，中国&ldquo;宋&rdquo;级柴电潜艇和&ldquo;汉&rdquo;级核动力潜艇被曝探测并跟踪他国战舰的次数越来越多。&ldquo;华盛顿&rdquo;号航母在 访问韩国途中，就被其中一艘潜艇秘密跟踪。</p>\r\n<p>中国正在迅速地获得制造先进潜艇的能力，为了提高潜艇出海率，还在采购燃油及零部件领域投入重资。而且，新级别潜艇仍在不断出现。新型39A型 &ldquo;元&rdquo;级潜艇与俄罗斯&ldquo;基洛&rdquo;级潜艇外观相似。20世纪90年代末，中国开始订购&ldquo;基洛&rdquo;级潜艇，这是当时最先进的柴电潜艇设计之一。新&ldquo;基洛&rdquo;潜艇单价 仅为２亿美元，是西方国家类似潜艇价格的一半。</p>\r\n<p>&ldquo;基洛&rdquo;级潜艇的水上排水量为2300吨，配备有6具鱼雷发射管以及57名艇员。该潜艇很安静，能够以5公里的时速在水下行驶大约700公里。&ldquo;基 洛&rdquo;级潜艇可携带18颗鱼雷或SS-N-27反舰导弹（该导弹的射程为300公里，可在水下由鱼雷管发射）。对美国航母来说，安静性及配备巡航导弹的结合 使&ldquo;基洛&rdquo;变得非常危险。朝鲜和伊朗也购买了&ldquo;基洛&rdquo;级潜艇。</p>\r\n<p>中国已经建造了两艘&ldquo;元&rdquo;级潜艇，并且第二艘在第一艘的基础上进行了改进。目前，这两艘潜艇都已投入使用，并在运行过程中对从俄罗斯借鉴而来的技术 进行试验。现在，中国正在建造第三艘&ldquo;元&rdquo;级潜艇，而且它似乎与前两艘潜艇也有所不同。中国的第一艘&ldquo;元&rdquo;级潜艇似乎是早期&ldquo;基洛&rdquo;（877型）级潜艇的 仿制版，而第二艘&ldquo;元&rdquo;级潜艇（即39B型）似乎是后来636型&ldquo;基洛&rdquo;级潜艇的仿制版。在建的第三艘&ldquo;元&rdquo;级潜艇是改进型，或者39C型。</p>\r\n<div class=\"gg200x300\"><iframe scrolling=\"no\" height=\"300\" frameborder=\"no\" width=\"200\" marginheight=\"0\" marginwidth=\"0\" border=\"0\" src=\"http://g.163.com/r?site=netease&amp;affiliate=news&amp;cat=article&amp;type=tvscreen200x300&amp;location=1\"></iframe></div>\r\n<p>在元级潜艇之前是&ldquo;宋&rdquo;级潜艇。这是中国首艘采用泪滴型壳体的潜艇，是以&ldquo;基洛&rdquo;级之前的&ldquo;Romeo&rdquo;级潜艇为基础建造的。39A型 潜艇被看作是&ldquo;宋&rdquo;级潜艇的改进版，但在仔细调查后，人们特别是俄罗斯人认为它是&ldquo;基洛&rdquo;级潜艇克隆版。中国的&ldquo;元&rdquo;级潜艇也配备有不依靠空气推进的动力 装置，从而使常规舰船一次能在水下呆在数天。目前，中国拥有13艘&ldquo;宋&rdquo;级、12艘&ldquo;基洛&rdquo;级、2艘&ldquo;元&rdquo;级以及25艘&ldquo;Romeo&rdquo;级潜艇。不过，由于 中国潜艇的核动力装置仍存有许多问题，因此该国目前只拥有三艘&ldquo;汉&rdquo;级核动力攻击潜艇。然而，即使&ldquo;汉&rdquo;级潜艇噪音大且易被西方舰船的声纳察觉，但北京政 府还是将其派遣到海上执行任务。（落晖）</p>','*SYSTEM','2010-02-07 13:50:59',NULL),('4028814826a6ef2a0126a6fb9b0d002d','1','美智库：中韩潜艇数量到2025年将居亚洲前二','<p class=\"summary\">核心提示：美国传统基金会本月在一份报告中指出，眼下美国海军衰落，而中国和韩国的潜艇战斗力不断增强，值得关注。到了2025年，美国部署在太平洋的攻击型潜艇数量将从目前的30艘减少到27艘，而中国和韩国将分别增至78艘和26艘。</p>\r\n<p class=\"f_center\"><img src=\"http://img1.cache.netease.com/cnews/2010/2/7/201002071102110874b.jpg\" alt=\"\" /></p>\r\n<p class=\"f_center\">资料图：中国海军039级潜艇编队</p>\r\n<p class=\"f_center\"><img src=\"http://img2.cache.netease.com/cnews/2010/2/7/201002071102116ab83.jpg\" alt=\"\" /></p>\r\n<p class=\"f_center\">资料图：韩国海军引进生产的德制214型潜艇</p>\r\n<p><strong>环球时报-环球网2月6日报道</strong>&nbsp;据韩国《朝鲜日报》6日报道，各国在太平洋海底正在展开激烈的潜艇竞争。具有保 守倾向的美国智库&mdash;&mdash;美国传统基金会本月2日在一份报告中指出，眼下美国海军衰落，而中国和韩国的潜艇战斗力不断增强，值得关注。到了2025年，美国部 署在太平洋的攻击型潜艇数量将从目前的30艘减少到27艘，而中国和韩国将分别增至78艘和26艘。</p>\r\n<p>据称，该报告由传统基金会研究员马肯资-艾格琳(Eaglen)和约翰-罗德拜克(Rodeback)共同编写，题为《太平洋潜艇军备竞赛》，报告 将各国战斗力变化概括为&ldquo;美俄衰落、中韩崛起、印澳登场&rdquo;等。试图在太平洋掌握主导权的沿海国家纷纷增建柴油动力潜艇、核动力潜艇、巡航导弹潜艇 (SSGNs)、弹道导弹潜艇(SSBNs)等攻击型潜艇。</p>\r\n<p>文章称，中国的实力尤其明显提升。据英国《金融时报》称，中国海军拥有25.5万名士兵、26艘驱逐舰、49艘护卫舰、58艘登陆舰，已具备世界级 水平。尤其是从1995年起集中力量建造潜艇，截至2005年，新建了31艘潜艇。目前共有60艘潜艇，包括6艘核动力潜艇、50艘柴油动力潜艇等。</p>\r\n<p>韩国的潜艇数量也在急剧增加。从1993年首次服役的209级(1300吨级)张保皋舰到去年末部署的214级(1800吨级)安重根舰，目前共有 12艘舰艇。另外还将自2012年至2018年自主研发6艘214级和9艘3000吨级潜艇，届时在数量上将位居亚洲第二，仅次于中国。</p>\r\n<div class=\"gg200x300\"><iframe scrolling=\"no\" height=\"300\" frameborder=\"no\" width=\"200\" marginheight=\"0\" marginwidth=\"0\" border=\"0\" src=\"http://g.163.com/r?site=netease&amp;affiliate=news&amp;cat=article&amp;type=tvscreen200x300&amp;location=1\"></iframe></div>\r\n<p>变数是澳大利亚和印度。两国均主张本国必须加强海军力量。因为美国在亚太地区的军事优势正逐步消失，而中国的海军力量在急剧增长。澳大 利亚计划将潜艇数量从目前的6艘增至12艘，印度计划从目前的17艘增至24艘。而连现有战斗力都难以维持的俄罗斯和无意增强力量的日本，以及只拥有旧潜 艇的北韩，今后不会有太大的影响力。</p>\r\n<p>美国在2010年的《四年一度防务评估报告》中宣布&ldquo;将在广泛地区部署海军兵力，继续开展军事反射。&rdquo;美国传统基金会强调说，为此，美军必须在夏威夷和关岛等地前沿部署潜艇基地，加强与盟国间的作战执行能力，并研发对潜武器。</p>','*SYSTEM','2010-02-07 13:51:32',NULL),('4028814826a6ef2a0126a6fd25760030','2','微软停售Linux或Unix版企业搜索产品','<h1 id=\"h1title\">泡网资讯频道2月7日 据外国媒体报道，微软<a target=\"_blank\" href=\"http://tech.163.com/special/00092FUU/blog_tech.html\">博客</a>文章称，该公司将不再销售Linux或Unix版企业搜索产品。</h1>\r\n<div class=\"gg200x300\"><iframe scrolling=\"no\" height=\"300\" frameborder=\"no\" width=\"200\" marginheight=\"0\" marginwidth=\"0\" border=\"0\" src=\"http://g.163.com/r?site=netease&amp;affiliate=tech&amp;cat=article&amp;type=tvscreen200x300&amp;location=1\"></iframe></div>\r\n<p>微软2008年收购了Fast Search &amp; Transfer，因此获得Linux或Unix版企业搜索产品。Fast Search &amp; Transfer公司首席技术官Bjorn Olstad曾在博文中表示，对客户而言，以Windows为主是个艰难的转变，但相信创新速度会因此提升。</p>\r\n<p>另外，微软将对计划于今年发布的ESP 5.3提供10年支持。Olstad表示，继续在Unix或Linux平台上运行ESP 5.3的客户可以&ldquo;采用混合平台架构增添Windows平台上的创新或云计算服务&rdquo;。</p>\r\n<p>微软现在公布这一计划，将为客户提供更充分的时间做足准备。微软企业搜索服务总监Jared Spataro称，相当多的客户在Unix或Linux平台上运行Fast Search &amp; Transfer企业搜索产品，但没有披露具体数字。</p>\r\n(本文来源：pcpop  ) <a href=\"http://tech.163.com/\"><img height=\"11\" border=\"0\" width=\"12\" class=\"icon\" alt=\"文飞翔\" src=\"http://img1.cache.netease.com/tech/img07/end_i.gif\" /></a>','*SYSTEM','2010-02-07 13:53:13',NULL),('4028814826a6ef2a0126a6fd851a0033','4','IT核心转向互联网：微软英特尔寻找新百亿市场','<p>这原本不是微软与英特尔(<img style=\"border: 0px none ;\" src=\"http://cimg21.163.com/tech/2008/4/16/20080416151236cc035.png\" alt=\"\" /><a target=\"_blank\" href=\"http://intelchina.163tech.blog.163.com/\">博客</a>) 愿意主动发生的变化，只是因为时代在更替。在过去的二十多年中，微软与英特尔组成的Win-Tel联盟，通过硬件的不断提速和软件的性能优化，带着整个产 业和用户一路狂奔。但现在，IT的核心正在从电脑向互联网转移，云计算的普及更将改变整个产业链条。Win-Tel不再能成为互联网的盟主。为适应互联 网，微软和英特尔小心地寻找着新时代话语权。但这种转型也是要付出代价的，并非一帆风顺。</p>\r\n<p>上一代的IT巨头正迫不及待地从自己的垄断市场走出，开拓新的领域，并极力向消费者靠拢。比如微软，除了其赖以成功的Windows和 Office，也开始玩上了MP3、Xbox，力推Windows平台的手机，英特尔的芯片绝不满足于在电脑与服务器领域的优势，他们都在努力使自己变得 时尚，并且无处不在。</p>\r\n<p>在微软公布的最新一季财报中，微软最大的&ldquo;负担&rdquo;是在线部门。该部门2009年第14季度亏损掉了4.66亿美元，这个部门连续4个季度陷入的巨额亏损，2009年让微软损失了20亿美元。</p>\r\n<p>但这些并不重要，这只是转型期的必然。在电脑领域垄断多年的微软和英特尔，急迫的是开始新的战争，寻找新一个能有百亿美元规模的市场。</p>\r\n<p><strong>电脑之外的天空</strong></p>\r\n<p>IT的核心正在从电脑转向互联网，那么电脑将不再是用户接入互联网的唯一界面，各种各样的新鲜产品刺激着用户，MID(移动互联网设备)、 UMPC(超便携电脑)、上网本、手机、电视，甚至汽车、冰箱都可以成为上网的一个界面。当这些多元化的终端如雨后春笋般滋生时，微软和英特尔的软件及硬 件也不再只把电脑作为目标。</p>\r\n<p>英特尔嵌入式及通讯事业部总经理戴维斯在接受《中国经营报》记者采访时乐观地认为，到2015年，全球将有150亿个智能设备接入互联网。未来在消费电子、智能手机和嵌入式市场，这些电子设备都将与互联网相连，这也就意味着每个设备里都装有一个芯片。</p>\r\n<p>如何将自己的芯片嵌入这150亿个设备，是英特尔未来几年最大的挑战。戴维斯认为，电脑以外，对于英特尔而言，嵌入式至少能够产生一个年营收10亿美元的业务。随着英特尔嵌入式目前发展的态势，这个数字将会越来越高，而他也准备为此&ldquo;大干一番&rdquo;。</p>\r\n<p>英特尔现任CEO欧德宁在几位前任的成功光环下，也不得不换思路&ldquo;取胜&rdquo;，希望在整个业界转型时期，帮助英特尔找到新方向。因此，欧德宁目标很明确：进入新市场，更多地关注产品。上网本、智能手机、嵌入式市场等，正是英特尔大举进军的新兴领域。</p>\r\n<p>对于微软，也同样面临需要开拓电脑以外的市场。在刚刚举行的CES展会上，微软除了展示MP3、Xbox、Surface、上网本、手机等最新的产品，还不惜重金用几辆汽车布置起一个巨大的展台，用以向消费者展示自己在汽车电子领域的领先技术，展示自己在消费领域的实力。</p>\r\n<p><strong>重返消费领域</strong></p>\r\n<p>两年前，在Google的一路高歌中，微软意识到自己失误：远离了消费者。互联网经济的特点与电脑时代完全不同，在电脑时代，微软和英特尔可以隐藏在代工厂商的身后。但要想在互联网时代掌握话语权，必须要亲近消费者，&ldquo;讨好&rdquo;网民。</p>\r\n<p>微软消费与在线事业部全球副总裁Darren Huston最近在接受《中国经营报》记者采访时坦言，正在努力改变在消费者心目中的印象，&ldquo;其实微软成立之初的业务就是面对消费者，但在后来的十几年 中，我们在商业用户领域的投入非常大，所以更像一个商业解决方案公司。其实我们的消费类业务有很多，两年前我们意识到有必要将这些业务整合在一起，去面对 消费者。&rdquo;</p>\r\n<p>两年前，微软将所有跟消费者相关的业务整合成一个部门，一方面是有一张统一的面孔面对消费者，另一方面也希望通过整合，为消费者提供更全面的应用。</p>\r\n<p>&ldquo;最近有一份关于全球用户上网时间的调查，我们所有线上服务整合在一起，全球排名第一，占15%，Google只占9%，雅虎是6%。用户可能不清 楚15%是哪来的，其实Hotmail是全球最大的在线邮箱，Messenger也是全球最大的即时通信服务，用户有5%是花在Facebook上，此外 微软的官网在很多国家都颇受欢迎。&rdquo;Darren Huston说。</p>\r\n<p>&ldquo;其实微软一直在在线方面扮演着非常重要的角色，只不过很多人都没把我们的在线业务加在一起来看。&rdquo;这也许就是整合的初衷之一。</p>\r\n<p>微软大中华区董事长兼首席执行官<a target=\"_blank\" title=\"梁念坚\" href=\"http://go.tech.163.com/renwu/data/97.html\">梁念坚</a>2月3日在接受《中国经营报》记者采访时也表示，他希望给微软中国带来的一个重要改变，就是在消费者心中的印象。</p>\r\n<div class=\"gg200x300\"><iframe scrolling=\"no\" height=\"300\" frameborder=\"no\" width=\"200\" marginheight=\"0\" marginwidth=\"0\" border=\"0\" src=\"http://g.163.com/r?site=netease&amp;affiliate=tech&amp;cat=article&amp;type=tvscreen200x300&amp;location=1\"></iframe></div>\r\n<p>&ldquo;我们以前比较忽视消费者，苹果、谷歌给消费者带来很多的惊喜，其实我们也做了很多，只是没有表现出来，这是我们需要努力的。&rdquo;梁念坚说。</p>\r\n<p>英特尔同样意识到自己在消费者领域的影响力在降低，从去年开始改变了宣传策略。在过去的宣传中由于过分强调技术而与消费者拉开了距离，去年的广告则全部从幽默和亲切入手，广告内容都与消费者的生活密切相关，努力拉近与消费者的距离。</p>\r\n<p>开辟电脑之外的市场，重新获得消费者的喜爱，是微软、英特尔这类传统IT巨头与Google、苹果之间的真正差距，也是他们最新的战场。</p>','*SYSTEM','2010-02-07 13:53:37',NULL),('4028814826a6ef2a0126a6fde3190036','3','黑色妖精：习惯用微凉的指尖诉说生命','<a target=\"_blank\" href=\"http://img104.ph.126.net/n3FtJcJx_vmX-7t8tW8TxQ==/703968916755057704.jpg\"><img src=\"http://img104.ph.126.net/n3FtJcJx_vmX-7t8tW8TxQ==/703968916755057704.jpg\" alt=\"黑色妖精：习惯用微凉的指尖诉说生命 - 小油菜 - 网易油菜地\" title=\"黑色妖精：习惯用微凉的指尖诉说生命 - 小油菜 - 网易油菜地\" /></a>&nbsp;<br />\r\n<strong>本期油菜：</strong>黑色妖精<br />\r\n<strong>目前所在地：</strong>吉林 松原<br />\r\n<strong>博客名称：</strong>妖精的城堡<br />\r\n<strong>博客地址：</strong><a href=\"http://bennvren1230.blog.163.com/\">http://bennvren1230.blog.163.com/</a>\r\n<p><font size=\"2\">一 个幻想成为妖精却无比良家的小女子。喜欢漂亮的衣服。美味的食物。以及男人的承诺。习惯用微凉的指尖诉说生命。坐在星空下发呆。任性。有时接近不可理喻。 嬗变。但却忠于我的感情。想要去远方，在沧海桑田的尽头，听你说，爱我到老。这是黑色妖精的自我介绍，一个女子追求幸福生活过程中的淡淡哀伤。</font></p>\r\n<p><font size=\"2\">爱 情，原本就不是一个简单的词汇。经历过的人，诉说爱情的酸甜苦辣；没有经历过的人，憧憬爱情的嬉笑怒骂。于是，一批批的人走进爱情，痛并快乐着，他们说， 那是幸福；一批批的人走出爱情，伤却沉浸着，他们说，那是回忆。于是，由爱情而生的种种，或幸福，或忧伤，都弥漫在我们的生活中，这就是妖精的城堡。</font></p>\r\n<p><font size=\"2\">网易首页多次推荐过黑色妖精，她为此专门有一个分类，收集了所有被推荐过的文章。原本不明白，一个看似忧伤的女子，为何那么多次打动人心？静下心，在一个深秋的夜晚，细细品读妖精的文字，终于找到了答案。</font></p>\r\n<p><font size=\"2\">&ldquo;每 条路，走过了，都留下故事；甜或苦，只为了，美丽的果实；我也是在泪眼中，慢慢看清楚，所有梦想只为证明最初的坚持；空房子，爱满屋，用温暖写诗；聚光 灯，照亮了，内心的孤独；花谢了还会再开，不断的重复，与你相遇只为证明最初的幸福。当青春只剩下泛黄的记忆。你还在耳边轻声说爱的言语。让我坚信。我的 爱不曾远离！&rdquo;</font></p>\r\n<p><font size=\"2\">爱是一个长久的诺言，平淡的故事要用一生讲完。或许在追求爱的旅途中，黯然神伤，但是，因为爱的诺言，于是，在爱情中学会了妥协、宽容、欣赏，为了两个人的幸福，一起努力，一起奋斗，坚定而执着，因为无论世事如何变迁，她对爱都有不死的信仰。</font></p>\r\n<p><font size=\"2\"><strong>小油菜手记：</strong>黑 色妖精，一个为爱而执着的女子。虽然总有忧伤的文字，但却对爱有不死的信仰。三年来，网易博客成为她所有情绪的汇聚地，在她的城堡里，用文字感悟爱情，用 经历舔舐爱情，每一天记录着爱情的成长。其实，不只黑色妖精一个人，小油菜在她的博友中，发现了很多精彩文字，或许，思绪是可以相互感染的，于是，惺惺相 惜。对于黑色妖精，过多的文字描写是累赘。去读她的文字吧。慢慢地，静静地&hellip;&hellip;</font></p>\r\n<font size=\"2\"><br />\r\n</font><font size=\"3\"><a target=\"_blank\" href=\"http://bennvren1230.blog.163.com/\"><font size=\"3\">要了解妖精究竟是何模样，悄悄探寻妖精的城堡</font></a></font><a href=\"http://bennvren1230.blog.163.com/\"><font size=\"3\">http://bennvren1230.blog.163.com/</font></a>','*SYSTEM','2010-02-07 13:54:01',NULL),('4028814826a6ef2a0126a6ff379c003d','2','宫哲妃:用文字祭奠逝去的青春','<h3 class=\"title pre fs1\">宫哲妃:用文字祭奠逝去的青春</h3>\r\n<p class=\"tdep clearfix nbw-act fc06\"><span class=\"pleft\"> <a href=\"http://blog.163.com/blog_youcai/blog/#m=0&amp;t=1&amp;c=fks_087071082083088066083086080095085087087069087094081064086\" class=\"fc03 m2a\">油菜日记</a> <span class=\"sep\">2009-06-23 18:23:20</span> <span class=\"sep\">阅读<span id=\"$_spanReadCount\">61706</span></span> <span class=\"sep\">评论<span id=\"$_spanCommentCount\">764</span></span> </span> <span class=\"pright fc07 ztag\">字号：<span class=\"ul sep fc04\">大</span><span class=\"ul sep fc04\">中</span><span class=\"sep ul fc04 selected js-fcurrent fc05\">小</span></span></p>\r\n<p>&nbsp;</p>\r\n<p style=\"margin: 0cm 0cm 0pt;\"><span style=\"font-size: 9pt; color: black; font-family: 宋体;\"><img src=\"http://img.bimg.126.net/photo/6RsUnAbV6qxS2bzBukBXFw==/4545539398901354402.jpg\" alt=\"宫哲妃:用文字祭奠逝去的青春 - 小油菜 - 网易油菜地\" title=\"宫哲妃:用文字祭奠逝去的青春 - 小油菜 - 网易油菜地\" /><br />\r\n<br />\r\n宫哲妃，一个热爱文字的八十后女子。<br />\r\n以舞文弄字为趣，以纯真率性为本，以才思横溢为学，以典雅大气为怀。 <br />\r\n博客是她释放情感的静谧空间，她用淡淡的文字讲述着一个个深情的故事。<br />\r\n她说，在这里她只做两件事：<br />\r\n第一，用文字记录生活曾经的容颜；<br />\r\n第二，用文字去祭奠随光阴逝去的青春&hellip;&hellip;</span><span lang=\"EN-US\" style=\"font-size: 9pt; color: black; font-family: Arial;\"><br />\r\n&nbsp;</span></p>\r\n<p style=\"margin: 0cm 0cm 0pt;\">&nbsp;</p>\r\n<p style=\"margin: 0cm 0cm 0pt;\"><span style=\"font-size: 9pt; color: black; font-family: 宋体;\">&mdash;&mdash;&mdash;&mdash;&mdash;&mdash;&mdash;&mdash;&mdash;&mdash;&mdash;&mdash;&mdash;&mdash;&mdash;&mdash;&mdash;&mdash;&mdash;&mdash;&mdash;&mdash;&mdash;&mdash;<font size=\"2\">回忆</font>&mdash;&mdash;&mdash;&mdash;&mdash;&mdash;&mdash;&mdash;&mdash;&mdash;&mdash;&mdash;&mdash;&mdash;&mdash;&mdash;&mdash;&mdash;&mdash;&mdash;&mdash;&mdash;&mdash;&mdash;<br />\r\n</span></p>\r\n<p style=\"margin: 0cm 0cm 0pt;\"><img src=\"http://img.bimg.126.net/photo/t_i2ejpRmrhwCc6ghTAcOA==/4545539398901354405.jpg\" alt=\"宫哲妃:用文字祭奠逝去的青春 - 小油菜 - 网易油菜地\" title=\"宫哲妃:用文字祭奠逝去的青春 - 小油菜 - 网易油菜地\" /><br />\r\n<br />\r\n<span style=\"font-size: 9pt; color: black; font-family: 宋体;\">二零零七年十一月十一日</span><span style=\"font-size: 9pt; color: black; font-family: 宋体;\">，她拥有了属于自己的网易博客。<br />\r\n</span><span style=\"font-size: 9pt; color: black; font-family: 宋体;\">那段日子是灰色的，对于一个被感情所伤的女子。<br />\r\n</span><span style=\"font-size: 9pt; color: black; font-family: 宋体;\">她选择用文字的方式在博客中宣泄自己的情感，如同精神支柱般依赖。<br />\r\n</span><span style=\"font-size: 9pt; color: black; font-family: 宋体;\">于是她的博客中留下了</span><span lang=\"EN-US\" style=\"font-size: 9pt; color: black; font-family: Arial;\">45</span><span style=\"font-size: 9pt; color: black; font-family: 宋体;\">封没有地址的信，缅怀一段逝去的爱情<span lang=\"EN-US\" style=\"font-size: 9pt; color: black; font-family: Arial;\">.....</span></span></p>\r\n<p style=\"margin: 0cm 0cm 0pt;\"><span style=\"font-size: 9pt; color: black; font-family: 宋体;\">&nbsp;<br />\r\n</span></p>\r\n<p style=\"margin: 0cm 0cm 0pt;\"><b style=\"\"><span style=\"font-size: 9pt; color: black; font-family: 宋体;\">第</span></b><b style=\"\"><span lang=\"EN-US\" style=\"font-size: 9pt; color: black; font-family: Arial;\">1</span></b><b style=\"\"><span style=\"font-size: 9pt; color: black; font-family: 宋体;\">封信《缅怀过去》<br />\r\n</span></b></p>\r\n<p style=\"margin: 0cm 0cm 0pt;\"><b style=\"\"><span style=\"font-size: 9pt; color: black; font-family: 宋体;\"><img src=\"http://img.bimg.126.net/photo/qXUIORtKdd5iBUbt0U52zg==/3971048971434619226.jpg\" alt=\"宫哲妃:用文字祭奠逝去的青春 - 小油菜 - 网易油菜地\" title=\"宫哲妃:用文字祭奠逝去的青春 - 小油菜 - 网易油菜地\" /><br />\r\n</span></b><span style=\"font-size: 9pt; color: black; font-family: 宋体;\">看到这个题目了么</span><span lang=\"EN-US\" style=\"font-size: 9pt; color: black; font-family: Arial;\">?</span><span style=\"font-size: 9pt; color: black; font-family: 宋体;\">是我给你的第一封信，叫《缅怀过去》。</span><span lang=\"EN-US\" style=\"font-size: 9pt; color: black; font-family: Arial;\"><br />\r\n</span><span style=\"font-size: 9pt; color: black; font-family: 宋体;\">有的时候，你也会像我一样傻傻地缅怀过去吗</span><span lang=\"EN-US\" style=\"font-size: 9pt; color: black; font-family: Arial;\">?</span><b style=\"\"><span lang=\"EN-US\" style=\"color: black;\"><br />\r\n</span></b><span style=\"font-size: 9pt; color: black; font-family: 宋体;\">我知道</span><span lang=\"EN-US\" style=\"font-size: 9pt; color: black; font-family: Arial;\">....</span><span style=\"font-size: 9pt; color: black; font-family: 宋体;\">或许你不会，但我很想你会。</span><b style=\"\"><span lang=\"EN-US\" style=\"color: black;\"><br />\r\n</span></b><span style=\"font-size: 9pt; color: black; font-family: 宋体;\">今天的你是不是跟我一样也过着光棍节？还是你已经走进别人的世界？</span><b style=\"\"><span lang=\"EN-US\" style=\"color: black;\"><br />\r\n</span></b><span style=\"font-size: 9pt; color: black; font-family: 宋体;\">如果我们俩不再联系了，你还会不会记得我？</span><b style=\"\"><span lang=\"EN-US\" style=\"color: black;\"><br />\r\n</span></b><span style=\"font-size: 9pt; color: black; font-family: 宋体;\">但</span><span lang=\"EN-US\" style=\"font-size: 9pt; color: black; font-family: Arial;\">.....</span><span style=\"font-size: 9pt; color: black; font-family: 宋体;\">我知道现实里</span><b style=\"\"><span lang=\"EN-US\" style=\"color: black;\"><br />\r\n</span></b><span style=\"font-size: 9pt; color: black; font-family: 宋体;\">有一天就算擦肩而过，谁也不记得谁</span></p>\r\n<p style=\"margin: 0cm 0cm 0pt;\"><span style=\"font-size: 9pt; color: black; font-family: 宋体;\">&nbsp;<br />\r\n<br />\r\n</span></p>\r\n<p style=\"margin: 0cm 0cm 0pt;\"><b style=\"\"><i><span lang=\"EN-US\" style=\"font-size: 9pt; color: black; font-family: Arial;\">&nbsp;</span></i></b><b style=\"\"><span style=\"font-size: 9pt; color: black; font-family: 宋体;\">第</span></b><b style=\"\"><span lang=\"EN-US\" style=\"font-size: 9pt; color: black; font-family: Arial;\">2</span></b><b style=\"\"><span style=\"font-size: 9pt; color: black; font-family: 宋体;\">封信《我很想爱你</span></b><b style=\"\"><span lang=\"EN-US\" style=\"font-size: 9pt; color: black; font-family: Arial;\">,</span></b><b style=\"\"><span style=\"font-size: 9pt; color: black; font-family: 宋体;\">你却那么爱她》<br />\r\n</span></b></p>\r\n<p style=\"margin: 0cm 0cm 0pt;\"><b style=\"\"><span style=\"font-size: 9pt; color: black; font-family: 宋体;\"><img src=\"http://img.bimg.126.net/photo/cwjuB_WVIdU1nrOTSaonwg==/3971048971434619247.jpg\" alt=\"宫哲妃:用文字祭奠逝去的青春 - 小油菜 - 网易油菜地\" title=\"宫哲妃:用文字祭奠逝去的青春 - 小油菜 - 网易油菜地\" /><br />\r\n</span></b><span style=\"font-size: 9pt; color: black; font-family: 宋体;\">你知道吗？每每想起那件事，我的心仍然会隐隐作痛，而且泪眼仍然会模糊了视线。</span><span lang=\"EN-US\" style=\"font-size: 9pt; color: black; font-family: Arial;\"><br />\r\n</span><span style=\"font-size: 9pt; color: black; font-family: 宋体;\">我真的很在乎，在乎你，在乎你的全部！</span><span lang=\"EN-US\" style=\"font-size: 9pt; color: black; font-family: Arial;\"><br />\r\n</span><span style=\"font-size: 9pt; color: black; font-family: 宋体;\">真的不想就这样放弃你！因为我还喜欢你！</span><span lang=\"EN-US\" style=\"font-size: 9pt; color: black; font-family: Arial;\"><br />\r\n</span><span style=\"font-size: 9pt; color: black; font-family: 宋体;\">我很想，很想，很想很想爱你，很想跟你就这样爱下去。可你却那么爱她。</span><span lang=\"EN-US\" style=\"font-size: 9pt; color: black; font-family: Arial;\"><br />\r\n</span><span style=\"font-size: 9pt; color: black; font-family: 宋体;\">那么，我唯有无言而沉默了。</span></p>\r\n<p style=\"margin: 0cm 0cm 0pt;\"><span style=\"font-size: 9pt; color: black; font-family: 宋体;\">&nbsp;<br />\r\n<br />\r\n</span></p>\r\n<p style=\"margin: 0cm 0cm 0pt;\"><b style=\"\"><span style=\"font-size: 9pt; color: black; font-family: 宋体;\">第</span></b><b style=\"\"><span lang=\"EN-US\" style=\"font-size: 9pt; color: black; font-family: Arial;\">4</span></b><b style=\"\"><span style=\"font-size: 9pt; color: black; font-family: 宋体;\">封信《慢慢地学会放弃你》<br />\r\n<img border=\"0\" src=\"http://img.bimg.126.net/photo/zcasM2A8azPF1RLE68pa7A==/3415417367408009019.jpg\" alt=\"宫哲妃:用文字祭奠逝去的青春 - 小油菜 - 网易油菜地\" title=\"宫哲妃:用文字祭奠逝去的青春 - 小油菜 - 网易油菜地\" /><br />\r\n</span></b><span style=\"font-size: 9pt; color: black; font-family: 宋体;\">每每写完一封信我就写在签名里，可是不会有人懂我写的签名到底是什么意思吧。</span><span lang=\"EN-US\" style=\"font-size: 9pt; color: black; font-family: Arial;\"><br />\r\n</span><span style=\"font-size: 9pt; color: black; font-family: 宋体;\">可你居然跑来问我这些信在哪里看？</span><span lang=\"EN-US\" style=\"font-size: 9pt; color: black; font-family: Arial;\"><br />\r\n</span><span style=\"font-size: 9pt; color: black; font-family: 宋体;\">但，我不会让任何人知道。而你也不例外。</span><span lang=\"EN-US\" style=\"font-size: 9pt; color: black; font-family: Arial;\"><br />\r\n</span><span style=\"font-size: 9pt; color: black; font-family: 宋体;\">这些只是属于我一个人的情感，我一个人的秘密，不能说的秘密。</span><span lang=\"EN-US\" style=\"font-size: 9pt; color: black; font-family: Arial;\"><br />\r\n</span><span style=\"font-size: 9pt; color: black; font-family: 宋体;\">我要把自己的爱，把自己的悲伤收藏起来，不让你们发现。</span><span lang=\"EN-US\" style=\"font-size: 9pt; color: black; font-family: Arial;\"><br />\r\n</span><span style=\"font-size: 9pt; color: black; font-family: 宋体;\">对不起，我又骗你了。我告诉你说，不是写给你的信，是我写的小说。很可笑吧？我学会了撒谎。</span></p>\r\n<span style=\"font-size: 9pt; color: black; font-family: 宋体;\">\r\n<p style=\"margin: 0cm 0cm 0pt;\">&nbsp;</p>\r\n<p style=\"margin: 0cm 0cm 0pt;\">&nbsp;</p>\r\n</span><b style=\"\"><span style=\"font-size: 9pt; color: black; font-family: 宋体;\">第</span></b><b style=\"\"><span lang=\"EN-US\" style=\"font-size: 9pt; color: black; font-family: Arial;\">7</span></b><b style=\"\"><span style=\"font-size: 9pt; color: black; font-family: 宋体;\">封信《脸上总是带着伤感</span></b><b style=\"\"><span lang=\"EN-US\" style=\"font-size: 9pt; color: black; font-family: Arial;\">,</span></b><b style=\"\"><span style=\"font-size: 9pt; color: black; font-family: 宋体;\">因为爱给了我遗撼》</span></b> <br />\r\n<p style=\"margin: 0cm 0cm 0pt;\"><b style=\"\"><span style=\"font-size: 9pt; color: black; font-family: 宋体;\"><img src=\"http://img.bimg.126.net/photo/4tWOHxUJhRIDv6KKdCIPsw==/3971048971434619231.jpg\" alt=\"宫哲妃:用文字祭奠逝去的青春 - 小油菜 - 网易油菜地\" title=\"宫哲妃:用文字祭奠逝去的青春 - 小油菜 - 网易油菜地\" /><br />\r\n</span></b><span style=\"font-size: 9pt; color: black; font-family: 宋体;\">不知为什么晚饭居然吃不下，是我胃口变小了吧。</span><b style=\"\"><span lang=\"EN-US\" style=\"color: black;\"><br />\r\n</span></b><span style=\"font-size: 9pt; color: black; font-family: 宋体;\">还是因为太过伤心？是因为伤心已经足够填饱了我的胃么？</span><b style=\"\"><span lang=\"EN-US\" style=\"color: black;\"><br />\r\n</span></b><span style=\"font-size: 9pt; color: black; font-family: 宋体;\">昨晚打你电话依然是通话中，但我隔了十几分钟打过去就变成了关机了。</span><b style=\"\"><span lang=\"EN-US\" style=\"color: black;\"><br />\r\n</span></b><span style=\"font-size: 9pt; color: black; font-family: 宋体;\">以前的你只要听到我电话是通话中的话，你便会不停地打我电话，不停的发信息。</span><b style=\"\"><span lang=\"EN-US\" style=\"color: black;\"><br />\r\n</span></b><span style=\"font-size: 9pt; color: black; font-family: 宋体;\">我知道你是在告诉我，你在吃醋，我知道你在告诉我，有人在等我！</span><b style=\"\"><span lang=\"EN-US\" style=\"color: black;\"><br />\r\n</span></b><span style=\"font-size: 9pt; color: black; font-family: 宋体;\">但是，一切似乎又都在轮回，可我们似乎对调了角色。</span><span lang=\"EN-US\" style=\"font-size: 9pt; color: black; font-family: Arial;\"><br />\r\n</span><span style=\"font-size: 9pt; color: black; font-family: 宋体;\">静静地，一个人在抽泣。任由眼泪淋湿了睡枕。</span><span lang=\"EN-US\" style=\"font-size: 9pt; color: black; font-family: Arial;\"><br />\r\n</span><span style=\"font-size: 9pt; color: black; font-family: 宋体;\">脸上是从什么时候开始总是带着伤感，是因为爱给了我遗撼么？</span></p>\r\n<p>&nbsp;</p>\r\n<span style=\"font-size: 9pt; color: black; font-family: 宋体;\">\r\n<p style=\"margin: 0cm 0cm 0pt;\"><span><strong>第10封信《回忆剪辑起来封存》<br />\r\n第11封信《开了,诺言随之过期无效吗?》<br />\r\n第18封信《爱冻结起来收藏!》&nbsp; <br />\r\n第24封信《麻醉自己》<br />\r\n第28封信《叶子离开了》<br />\r\n第34封信《泪人的独白》<br />\r\n第36封信《悬着一颗心,要怎么负荷?》<br />\r\n第40封信《还是阻挡不了眼泪的攻陷》</strong><br />\r\n<span style=\"\">&nbsp;</span></span><span lang=\"EN-US\" style=\"font-size: 9pt; color: black; font-family: Arial;\">&hellip;&hellip;&hellip;&hellip;</span></p>\r\n</span><span>\r\n<p>&nbsp;</p>\r\n</span><span style=\"font-size: 9pt; color: black; font-family: 宋体;\">每一封信写满了痛苦、悲伤、泪水、挣扎</span><span lang=\"EN-US\" style=\"font-size: 9pt; color: black; font-family: Arial;\">&hellip;&hellip;</span><span style=\"font-size: 9pt; color: black; font-family: 宋体;\">直到有一天，她终于想开了，释怀了，放下了</span><span lang=\"EN-US\" style=\"font-size: 9pt; color: black; font-family: Arial;\">&hellip;&hellip;</span><span lang=\"EN-US\" style=\"font-size: 9pt; color: black; font-family: Arial;\">\r\n<p>&nbsp;</p>\r\n</span><br />','*SYSTEM','2010-02-07 13:55:28',NULL),('4028814826a6ef2a0126a7006abd0041','3','首都红卫兵南下兵团在上海武斗','<p class=\"summary\">北京红卫兵在上海的行动，引出文革史研究中的一个重大命题：为什么&ldquo;文革&rdquo;运动初期会发生以&ldquo;暴力&rdquo;对待&ldquo;非暴力&rdquo;为特征的武斗?且以北京红卫兵为典型?</p>\r\n<p class=\"f_center\"><strong><img src=\"http://img3.cache.netease.com/book/2010/2/6/201002062150145d025.jpg\" alt=\"\" /></strong></p>\r\n<p class=\"f_center\">上海市红卫兵的&ldquo;破四旧&rdquo;活动。</p>\r\n<p><strong>《世纪》 2009年第1期 </strong></p>\r\n<p><strong>一、北京红卫兵南下</strong></p>\r\n<p>1966年9月11日，首都红卫兵南下兵团总部人员到达上海，上海有关方面派出由摩托车开道的车队迎接，一路风风光光地进入位于市中心，紧靠人民广 场的市体育宫安营扎寨(今上海大剧院的位置)。当天，南下兵团即以&ldquo;全体战士&rdquo;的名义在上海散发《宣言》，一方面声称这次是&ldquo;带着党中央、毛主席的无限期 望，首都革命人民的战斗友谊&rdquo;而来的；一方面表态：第一，我们是战斗队，是旧世界天生的造反者，要造一切资本主义、帝国主义、修正主义、封建主义的反。第 二，我们是学习队，要向上海的工农兵、红卫兵，向赴沪的其他红卫兵学习，永远做群众最恭谨的小学生。第三，我们是宣传队，要让毛泽东思想和党的方针政策家 喻户晓，深入人心。</p>\r\n<p>根据有关方面的安排，9月13日，首都红卫兵南下兵团分别在上海第二棉纺织厂，与杨富珍、王林鹤、程德旺等40多名劳模座谈；在市学联，与上海学生 代表举行了座谈。座谈会上，北京红卫兵提出上海如何造反，如何抄家(被抄对象是否反抗、报复?抄家物资如何处理?)，上海红卫兵如何组织，如何贯彻阶级路 线等问题。上海的工人和学生(依据统一的口径)&mdash;&mdash;作了介绍。最后，北京红卫兵对打人作了解释，强调北京的&ldquo;阶级报复&rdquo;很厉害，确实打死过一些&ldquo;坏人&rdquo; 等。首都红卫兵南下兵团开始正式介入上海的&ldquo;文革&rdquo;运动。</p>\r\n<p>应该承认，首都红卫兵因受&ldquo;派遣&rdquo;而具有政治的优势；因人员众多，队伍整齐而具有组织的优势(其下属十六个纵队，分散在杨浦、虹口、静安、卢湾、黄浦、徐汇、长宁等区域)；因初来乍到就领受上海有关方面的关照而具有行动的优势。</p>\r\n<p><strong>二、现场之一：面上的行动</strong></p>\r\n<p>9月13日，就在首都红卫兵南下兵团与上海劳模、学联代表举行座谈会，声称&ldquo;是来上海学习的&rdquo;时候，北京语言学院、外国语学院的南下红卫兵奔走呼 号，在上海的大街上散发铅印版传单《最最紧急的革命倡议》。《倡议》指出&ldquo;现在，上海存在一种不能容忍的现象&rdquo;，即一些&ldquo;黑帮分子&rdquo;仍然&ldquo;养尊处优，逍遥 法外&rdquo;。所以向上海市全体红卫兵、广大工农兵群众倡议：凡&ldquo;牛鬼蛇神&rdquo;一律减薪；银行存款、电视机、照相机、沙发等一律没收上缴；保姆一律解雇；高级公 寓、别墅一律搬出；白天一律进劳改队，晚上一律写交代；一律挂&ldquo;牛鬼蛇神&rdquo;牌，不准自行摘下等，以至要将上海的一切牛鬼蛇神&ldquo;打翻在地，再踏上一只脚，使 它们永世不得翻身&rdquo;②。</p>\r\n<p>与此同时，南下兵团各路纵队主动与各区联系，广泛查摸&ldquo;敌情&rdquo;，反复询问有关人员&ldquo;抄了多少户?斗了多少人?斗服了没有?有没有漏掉的?&rdquo;，甚至提 出查看档案和大字报底稿，交出此前搜查的清单等。当晚，南下兵团即以徐汇区为重点，分别在卢湾、虹口、静安、黄浦、闸北等区实施抄家，约查抄五十多户。起 初，北京红卫兵还&ldquo;注意调查研究，组织得比较严密&rdquo;，如徐汇区的行动组成了&ldquo;训话组(对家属)、&ldquo;讯问组&rdquo;(对本人)、搜查组、记录组、登记组(对搜查的 东西进行登记)等。当发现原单位搜查不彻底，被查抄人家中生活用品仍很多，便一边宣称&ldquo;若在北京则基本扫光&rdquo;，在北京抄家&ldquo;不是推门进去，而是把门打坏了 进去，不老实就揍&rdquo;；一边向街道干部提议：&ldquo;黑六类不能住一幢房子，把他们扫地出门好不好?&rdquo;。</p>\r\n<p>但北京红卫兵的这种克制只保持了一天。</p>\r\n<p>第二天(14日晚)，在卢湾区，130多名南下红卫兵分头搜查了三户。其中资本家虞某某(虞洽卿之子)夫妇被剪了头发。当时，红卫兵问其女儿，你站 稳立场吗?答：站稳的。红卫兵就叫她用皮带抽打其父亲，她不肯，也被剃了发。一户被称为&ldquo;洋奴&rdquo;的是个八十多岁的瘫痪老头，北京红卫兵将其儿子、媳妇、女 儿绑在浴室里，儿子被鞭打、搜查以后，将东西装了三卡车运到体育宫。在徐汇区，30多个北京南下兵团红卫兵在永福路某号陈某家搜查(原三青团分队长)，将 搜查对象的兄妹，其父的大小老婆等五人剃光头，并用皮带、长柄伞、火钳、拐杖等打抽。陈某说：&ldquo;十六条讲要文斗，不要武斗&rdquo;，红卫兵说&ldquo;没有打死就是文 斗&rdquo;，把陈打得头部、胸部、背部皮肉裂开，处于昏迷状态。当时，红卫兵在门口把守着，街道干部和群众都不准入内，邻居则在屋外喊叫&ldquo;要文斗，不要武斗&rdquo;。 据统计，至9月15日以前，北京红卫兵南下兵团在上海十个区共搜查了九十户左右，其中徐汇区搜查了五十八户，并在徐汇区、静安区举办了&ldquo;资本家剥削罪证展 览会&rdquo;。其间共发生武斗48起，98个对象中82人被殴打，其余的是被剃阴阳头、罚跪、涂漆的。</p>\r\n<p>与此同时，南下兵团广泛介绍北京对黑六类的武斗，认为上海太强调文斗。例如第十纵队在黄浦区的各个活动点上制造舆论，大肆宣扬&ldquo;文斗是没斗&rdquo;、&ldquo;敌 我矛盾就是用武斗&rdquo;、&ldquo;打死人没关系，花八元钱&rdquo;(指火葬费)。以北大学生为主的第七纵队在静安区活动时也宣传，北京已杀许多人，&ldquo;就是要红色恐怖!&rdquo;， &ldquo;要乱，要大乱特乱，越乱越好，乱出一个铁打的江山，一个崭新的世界&rdquo;。正是具有这般强烈的意识，这般强烈的情绪，据9月15日至17日的三天统计，北京 红卫兵打人30起，被打达百人以上。武斗往往利用晚上关门殴打，打后不准被打对象去医院，被打人有血迹的衣服要洗过，而且被打人天天换房间。由此可见，仅 仅数天之间，北京红卫兵的武斗涉及面已经从&ldquo;四类分子&rdquo;、&ldquo;资本家&rdquo;，扩展到被认为有&ldquo;问题&rdquo;的&ldquo;社会青年&rdquo;、&ldquo;游民&rdquo;等；武斗方式已经从抄家现场的殴 打，演变成私设刑室的摧残。这种归趋的必然性决定了北京红卫兵一定要在上海制造骚动和事端。</p>\r\n<p>下面请看来自&ldquo;面&rdquo;上的数例行动报告：</p>\r\n<p>9月15日，南下兵团红卫兵第五纵队进入龙华医院妇科主任陈某家搜查，中医学院&ldquo;文革&rdquo;组织闻讯赶到，说明陈家已抄过五六次，为此双方发生争执。 17日，北京红卫兵破门搜查，第二天又借陕西路小学开斗争会，将陈的老婆、子女、孙子一家均揪去，全家不分老小一概罚站、抄身、鞭打，还要吃柏油泥丸，其 中陈多次被缚住手脚，口中塞布，推到在地用皮带、棍子抽打。经医检，陈腰以下及臀部皮肤呈青紫色，有肿痛，肩部、两肋、脸部、颈部也有伤痕。</p>\r\n<p>9月17日下午4时，红卫兵南下兵团在天马电影制片厂广场台上揪斗了厂领导丁一，陪斗的有谢晋、徐昌霖、汤晓丹、顾而已、黄宗英、蒋天流等13人。北京红卫兵给丁一挂上&ldquo;黑帮大红伞&rdquo;的牌子，责令陪斗者&ldquo;一个个交代罪行&rdquo;。</p>\r\n<p>9月21日上午8时至夜11时多，上海图书馆工作人员听见隔壁中苏友谊馆传来叫喊救命的声音。从楼上窗口望去，看见被打的是三个男的，一个女的。当 晚，上图工作人员邀请中苏友谊馆、上海体育宫的负责人了解情况：参与打人的红卫兵属南下兵团十六纵队。被捉的人有&ldquo;被抄家态度不好者&rdquo;、&ldquo;流氓阿飞&rdquo;、 &ldquo;无执照小商贩&rdquo;、&ldquo;说北京红卫兵坏话&rdquo;等。这批北京红卫兵从17日开始，打的人已有十四、五个。23日晚上，十六纵队红卫兵拉上窗帘(从缝隙中看到一白 衬衫者跪在地上)，继续在陈设毛主席半身塑像的房间里审讯打人，他们打他耳光，有七、八人用束腰的皮带抽打。当晚12时，上图群众请来师大七、八十个红卫 兵，不仅派出代表与南下兵团指挥部交涉，还强行察看了十六纵队的打人场所，看到在押的6人已被打得躺在地下。</p>\r\n<p>9月25日晚八时，北京红卫兵查抄徐汇区永福路某号肖某家(肖某72岁，曾任国民党驻法使馆参赞、外交部秘书。时任市人委参事)，责令交出手枪(因 其儿子单位抄家时抄出子弹)，肖交代&ldquo;手枪留在法国&rdquo;。北京红卫兵将他脱光衣服，只剩一条短裤，用皮带抽打得很厉害。凌晨三时，肖死亡。</p>\r\n<p>应该承认，恰如北京红卫兵所宣称的：&ldquo;在上海必须造成一个短期的红色恐怖现象&rdquo;，那就是通过&ldquo;革命&rdquo;(武斗)，清晰阶级阵线，教训阶级敌人。其实，这些&ldquo;恐怖现象&rdquo;在一些重点单位的发生，则更加惊心动魄。</p>\r\n<p><strong>三、现场之二：点上的行动</strong></p>\r\n<p>下面请看来自&ldquo;点&rdquo;上的行动报告。</p>\r\n<p>上音(附中)事件：</p>\r\n<p>9月13日，首都红卫兵南下兵团第七纵队12名红卫兵(中央音乐学院附中学生)，乘三轮卡、摩托车，带着电影摄影机来到上海音乐学院附中。他们在车 上高唱&ldquo;鬼见愁&rdquo;歌，在大门口、各大楼和行道上写下&ldquo;老子革命儿好汉，老子反动儿混蛋&rdquo;的对联。接着，他们与校内的红卫兵造反派串联，来到接待组，责问该 院红五类子弟所占比例?教师队伍家庭出身情况如何?这批北京红卫兵还斗了贺绿汀，往贺脸上吐洙，并叫贺下跪，脱鞋脱衣。晚上，这批北京红卫兵提出住在上音 (市接待站已安排在化工学院)，表示&ldquo;住定了，不走了&rdquo;。</p>\r\n<p>16日，首都红卫兵南下兵团第七纵队120人强行住进上音南楼(男二楼、女四楼。主要为北京工学院和北京四中、七中、九中的学生)。他们宣称&ldquo;上音 红五类子弟只占30％，是黑帮统治&rdquo;。第二天晚8时，第七纵队红卫兵用拖车把贺绿汀夫妇从家中拖至附中，到达时，贺的头被巨布缠绕起来，贺妻姜瑞芝已被打 得披头散发，斗争中，贺夫妇被剪了头发，并在脸上涂了墨汁，还被打耳光、下跪&hellip;&hellip;</p>\r\n<p>19日晚7时，上音附中红卫兵造反派伙同第七纵队红卫兵一起对贺夫妇拳打脚踢，用皮带抽打，贺被打倒在地上翻滚。他们还叫姜瑞芝跪在地上，在姜的背 上放一把椅子，然后就轮流坐上椅子用皮带抽打。当时，姜的哭声惊动了附近的居民，多次打电话给音乐学院，上音师生再三要求他们停手，他们置之不理，反而越 打越凶，贺夫妇一直被打到十一点。</p>\r\n<p>上外附中事件：</p>\r\n<p>9月15日下午1时，属首都红卫兵南下兵团第十六纵队的北京外语学校学生11人，带着照相机和手提扩音器来到上外附中，宣称&ldquo;北京运动轰轰烈烈，资 产阶级狗崽子已威风扫地&rdquo;，与该校红卫兵一起高呼&ldquo;红色恐怖万岁&rdquo;等口号(该校参与行动的多为高干、革干子弟，动武者约五十人左右)。4时左右，这批红卫 兵砸碎窗子，破门进入校长室，用旋凿撬开抽屉，拿走了公章，拆走了电话机(装到红卫兵营部)。接着，这批红卫兵又勒令总务主任交出钥匙，打开保险箱，拿走 了支票本(后经劝说还回)，但公章拒不交还，还说：&ldquo;这是夺权。&rdquo;在整个事件过程中，教师中的红卫兵不敢出来讲话，支书吓得躲在办公室的橱子后面。当晚， 该校红卫兵便分头外出抄家。与此同时，这批制造事端的北京红卫兵和该校红卫兵骨干召开会议，策划第二天&ldquo;如何使资产阶级威风扫地&rdquo;的行动计划，直至深夜。</p>\r\n<p>16日清晨，该校红卫兵营在校园里贴出&ldquo;实行红色恐怖&rdquo;的勒令布告。6时左右，教师们陆继到校，即被红卫兵拦住，逼令填写成份。随后，红卫兵营广播 教师集中，按成份列队，强迫所有成份不好者剪发，&ldquo;当即有五名女教师剪成&ldquo;阴阳头&rdquo;和&ldquo;花头&rdquo;，男教师都剃成光头。接着再揪至校门口罚跪、脸上涂墨，衣服 上画上乌龟，写上&ldquo;混蛋&rdquo;、&ldquo;王八蛋&rdquo;、&ldquo;狗崽子&rdquo;、&ldquo;资产阶级分子&rdquo;、&ldquo;大右派&rdquo;等字样，胸前挂&lsquo;牛鬼蛇神&rsquo;牌子，并强令他们相互骂打，谁不打不骂或打 轻了，就用脚踢，用木棍、铁的大钳戳、推。当时有拉拖车的工人路过该校门口，停车劝告被赶走，还被指认&ldquo;他们这些工人一定不是好人。&rdquo;</p>\r\n<p>9时许，又一批约20多人的北京红卫兵增援到校。一女教师(因转移黄金到校被红卫兵搜出)趴在长凳子底下，两手举起，这时一学生(一北京女红卫兵)在她背上踩了一脚，头碰在水泥地上，随即地上出现一摊鲜血，几个红卫兵还逼着她把地上的血吃掉。</p>\r\n<p>中午11时左右，红卫兵强迫所有的人(被批斗者)赤脚，有的还被迫嘴里衔着一只鞋子、一只袜子进行劳动，有的将鞋子挂在脖子上(笔者按：此处应指 &ldquo;生活作风&rdquo;、&ldquo;男女问题&rdquo;者)，个别还挂着大砖块。当时，教职员工大多表示不满，却都很怕，有的躲在教室里，有的躲在家里。同学们也多不敢声张，非红五 类子弟说：&ldquo;我们讲了话，也要被剃头的。&rdquo;有同学几次找支部出来讲话，但没有一个敢出来，全体党员也是如此。</p>\r\n<p>下午3时半，红卫兵集中对被批斗者训话，读毛主席语录，然后为被批斗者拍照，有集体照、个别照，也有将问题严重的一男二女合起来拍。最后，又逼迫所有被批斗者在楼梯上跑上跑下。</p>\r\n<p>晚6时，被批斗者中有9人押送派出所，其余自己回家。过往的工人见一些教师赤着脚走在马路上，一致认为&ldquo;这样做是违背党的政策的&rdquo;，而这批首都南下 兵团的红卫兵们则兴致勃勃，认为&ldquo;上海比北京搞得痛快，越搞越有劲了&rdquo;。据统计，上外附中的这次行动共斗争了31人(占该校教职工的20％)。家庭出身情 况为：地主3人、资产阶级5人、小业主1人，职员2人。政治情况为：中共党员3人，共青团员7人。有关材料认为&ldquo;仅4人问题较严重&rdquo;。31人中，有怀孕 者、哺乳者、高血压症患者各1人，还有一人准备当天结婚，因参加运动而来校。</p>\r\n<p><strong>四、辨析与思考</strong></p>\r\n<p>围绕首都大专院校红卫兵司令部南下兵团在上海的活动，应有一系列的追问和探究，其中既有事实的辨析，更有问题的思考。</p>\r\n<p>北京红卫兵在上海的行动，引出文革史研究中的一个重大命题：为什么&ldquo;文革&rdquo;运动初期会发生以&ldquo;暴力&rdquo;对待&ldquo;非暴力&rdquo;为特征的武斗?且以北京红卫兵为典型?</p>\r\n<p>关于&ldquo;武斗源&rdquo;：中国&ldquo;文革&rdquo;运动初期的&ldquo;武斗源&rdquo;在北京。1966年6月18日，中国最高学府北京大学即发生游斗、殴打六十多名教员和干部的武斗 事件，北大工作组曾出面制止。7月25日、26日和8月4日，中央文革小组江青、康生、陈伯达等便三次在北大召开全校万人大会，宣布&ldquo;6.18事件&rdquo;是 &ldquo;革命事件&rdquo;。结果，当着江青等人及上万北大师生的面，北大红卫兵将斗争对象揪上台，演示了挂黑牌、戴高帽、拳打脚踢、用铜头皮带抽打等。就此，武斗不但 合法化了，而且迅速地向北京和全国普及。</p>\r\n<p>针对社会上越演越烈的武斗情况，8月21日，中央政治局召开常委扩大会议，毛泽东说：&ldquo;提倡文斗，不要武斗，这是今天要谈的第一个问题。&rdquo;谁知在听 取了各方的汇报发言后，毛在插话中又说：&ldquo;北京就成了流氓世界了?不可能嘛!好人总是多数，坏人总是少数&rdquo;，&ldquo;总之，我们不干涉，乱它几个月&rdquo;。《毛泽东 传1949～1976》的作者逄先知、金冲及评论说：运动中出现的这些极端行动，同毛泽东的初衷并不相符。但从总体来说，毛泽东仍认为红卫兵行动的主流是 好的，认为他们的激烈行动对破除旧思想和旧秩序、打开一个新局面是需要的，出现某些偏差并不奇怪，有问题也只能适当引导或到以后再解决，决不能泼冷水，更 不能进行&ldquo;压制&rdquo;和&ldquo;打击&rdquo;@。此后，北京的暴力进一步升级。正是在这样的背景下，北京红卫兵从对阶级敌人进行斗争的如火如荼的现场，来到上海相对冷清、 和缓和克制的现场，必定要移植北京的武斗来打开局面，来显扬和证实一切。</p>\r\n<p>如果说对&ldquo;武斗源&rdquo;的确认属事实性的判断，即它在事由的层面上解说了发生的来路，那么值得追问的是：北京红卫兵面对&ldquo;非暴力&rdquo;的徒手的对象，其崇尚暴力、施展暴力的思想理路是什么呢?内心冲动是什么呢?人性承担在哪里呢?这里仅谈两点原因。</p>\r\n<p>首先，是&ldquo;教育缺失&rdquo;。诚然，十七年在数理教育方面确有成效，但在政治教育方面，它既没有弘扬中国传统文化的仁义、良知、慈爱、宽厚、温良、中庸、 和谐等义理，给青少年以道德的熏陶；又没有宣扬西方文明的自由、民主、平等、正义、博爱、人权、慈善等精神，给青少年以文化的启蒙。尤其临近文化大革命的 那几年，整个教育的主题不是&ldquo;不忘阶级苦，牢记血泪仇&rdquo;，&ldquo;诉苦把冤伸&rdquo;的阶级教育；就是与天斗、与地斗、与人斗，其乐无穷的斗争哲学。结果，青少年们的 思想、情感被一种仇恨的意绪所浸沉；意志、欲念被一种战斗的渴望所振刷，以至当&ldquo;文革&rdquo;爆发的时候，这种意识形态的塑造自然衍变成武斗的行动了。</p>\r\n<div class=\"gg200x300\"><iframe scrolling=\"no\" height=\"300\" frameborder=\"no\" width=\"200\" marginheight=\"0\" marginwidth=\"0\" border=\"0\" src=\"http://g.163.com/r?site=netease&amp;affiliate=book&amp;cat=article&amp;type=tvscreen200x300&amp;location=1\"></iframe></div>\r\n<p>其次，是&ldquo;非常时代&rdquo;与&ldquo;精神世界&rdquo;。&ldquo;文革&rdquo;标榜&ldquo;大鸣、大放、大字报、大辩论&rdquo;的大民主，实际上是破除法律、道德、纪律和规则的正 常管束，放纵了批判和斗争的自由。然而，当这种批判和斗争披挂着革命的旗幡，成为阶级斗争的展开时，实际上也就放纵了暴力。由此，&ldquo;文革&rdquo;在精神上和行动 上构造了一个&ldquo;非常时代&rdquo;。作为这个&ldquo;非常时代&rdquo;的前驱者，红卫兵不仅满怀着战斗的冲动，更在&ldquo;精神世界&rdquo;里搭建了攀援理想之国的梯架。这个理想之国就是 &ldquo;彻底铲除帝修反&rdquo;，&ldquo;创立一个毛泽东主义光辉灿烂的红色新世界&rdquo;，在红卫兵的&ldquo;精神世界&rdquo;里，充斥着为理想所蛊惑的激情。然而，这种理想是要通过革命造 反来达到的，是要通过武斗来表现的，这便是一条充满刺激和疯狂的理想之路，以至这种理想并不旷远，而很狭窄；并不宽厚，而很尖利；并不和谐，而很激荡。正 是这种虚幻的情怀和僭妄的情绪的混合，红卫兵的群体人格在&ldquo;非常时代&rdquo;中背离了求学期的生态(学生身份)，完成了向战士身份的突变。应该承认，1966年 时的红卫兵武斗是少有功利的(1967以后的两派武斗则与权利和利益相关联)，如果说仅此一点在红卫兵的&ldquo;精神世界&rdquo;里还沾染了理想的色彩，那么它的主义 之上的执迷，它的现场之中的暴戾，它的天理之下的忤逆，恰恰是正常人格发生解体的确证。因之，红卫兵在&ldquo;非常时代&rdquo;崇尚武斗就不是偶然了。</p>\r\n<p>作者附记：本文引用了一部分&ldquo;文革&rdquo;中的简报，文中不一一注明出处。</p>','*SYSTEM','2010-02-07 13:56:47',NULL),('4028814826a6ef2a0126a700f1910044','3','代课教师被清退之后','<p class=\"summary\">虽然教育部表示，&ldquo;并没有听说2010年就是清退全部代课教师的最后期限&rdquo;，而其2006年宣布，&ldquo;在尽量短的时间内，把44.8万中小学代课人员全部清退&rdquo;，如今全国仍有31万代课教师，正为自己未知的前路忧虑。</p>\r\n<p class=\"f_center\"><img border=\"0\" src=\"http://img1.cache.netease.com/catchpic/4/4D/4DA0C9888B329817E17521B8A4375346.jpg\" alt=\"\" /></p>\r\n<p>带着爆米花机上街，王连忠1月12日只赚了5元钱。他是2005年被清退的代课老师，从教17年。</p>\r\n<p class=\"f_center\"><img border=\"0\" src=\"http://img1.cache.netease.com/catchpic/8/82/82D252F9513253285D2D112CB60A30ED.jpg\" alt=\"\" /></p>\r\n<p class=\"f_center\">刚离开校园那段日子，王连忠一听到学校广播就泪流满面。</p>\r\n<p class=\"f_center\"><img border=\"0\" src=\"http://img1.cache.netease.com/catchpic/0/08/080CB21639D73FB66BC0C5CAB1C9BB31.jpg\" alt=\"\" /></p>\r\n<p class=\"f_center\">多年努力获得的一大堆证书和奖状，如今只是废纸。</p>\r\n<p><strong>背景</strong></p>\r\n<p>代课教师的命运，新年之初再度激起公众关注。</p>\r\n<p>虽然教育部表示，&ldquo;并没有听说2010年就是清退全部代课教师的最后期限&rdquo;，而其2006年宣布，&ldquo;在尽量短的时间内，把44.8万中小学代课人员全部清退&rdquo;，如今全国仍有31万代课教师，正为自己未知的前路忧虑。</p>\r\n<p>事实上，早在2005年，甘肃皋兰县的代课老师已大部分清退完毕。他们之中很多人，并未&ldquo;体面&rdquo;谢幕，离开校园数年，在困窘之中，依然为微薄的补偿奔走。</p>\r\n<p>教书17年被辞退，王连忠回头一看，发现自己是村里最穷的人。</p>\r\n<p>他站在院子里，指着那道残颓的围墙苦笑，&ldquo;就像万里长城，一个垛口接一个垛口&rdquo;。</p>\r\n<p>房子是土坯房，50年前父亲盖的，裂缝一指来宽，地板下面空空的。</p>\r\n<p>如今离校已经4年，父亲也死了4年，家中窘困依旧。他说&ldquo;这就是代课教师的悲惨下场。&rdquo;</p>\r\n<p>甘肃皋兰县2005年就清退了大部分代课教师，到2007年最后一批清退完毕，包括王连忠在内共970多名老师下岗。</p>\r\n<p><strong>没有比代课更廉价</strong></p>\r\n<p><font face=\"楷体_GB2312\">梁亨昌：我们不是由于懒惰而变成最穷的人，而是为了教育事业丧失了自己的青春</font></p>\r\n<p>王连忠在家里就可以听见学校的课铃声，但自打被辞退他几乎没再进去过。那是一所拥有开阔操场和整齐校舍的小学，校园中间立着一根旗杆，高高飘扬的红旗很远就能看见。</p>\r\n<p>不回去是怕自己伤心。才离开讲台的那段日子，每天早上，一听到学校广播王连忠就泪流满面。他心里一直不平衡，因为拿着少得&ldquo;可耻&rdquo;的工资坚持到了最后，还是&ldquo;说辞就给辞了&rdquo;。</p>\r\n<p>1988年春天，参加了四次高考没有上线，23岁的王连忠成为西岔乡山字墩小学的一名教师，作为村里为数不多的文化人，王老师受到尊重感到光荣，直到2005年的秋天。</p>\r\n<p>头发渐渐白了，报酬却几乎没变。王连忠记得，当老师领的最后一个月工资是240元，不及同校公办教师的1/10。但在皋兰县代课教师中，这薪水已经很高，一般标准是200元以下，各个乡镇情况不一。</p>\r\n<p>梁亨昌在黑石乡代课20年，离校时他月工资仅163元。&ldquo;我们不是由于懒惰而变成最穷的人，而是为了教育事业丧失了自己的青春。&rdquo;</p>\r\n<p>袁维军1976年从教，工资从5元、10元、15元&hellip;&hellip;增加到240元历经29年时间。他说，校长、教师包括会计的活他都干，却只能看着与公办教师的收入差距一年年扩大。</p>\r\n<p>&ldquo;每到发工资的那几天心里都不是滋味，一进课堂就什么都忘了。&rdquo;王连忠忍辱负重，和其他代课老师一样，相信会有转正的一天，但最终等来的却是教师生涯的终结。</p>\r\n<p>2005年那次清退，皋兰县大部分代课教师消失了。之后，2006年3月，教育部才宣布，较短时间将把全国余下的44.8万名代课人员全部清退，甘肃全省涉及2.1万多人。</p>\r\n<p>王连忠失业后没有闲着，很快，他在表哥的带领下，找到了人生的第二份工作。</p>\r\n<p>他说，&ldquo;背水泥是要命的活&rdquo;，却不是想干就有机会干的。水泥拉来，二三十人在车后面撵，一车水泥只需要5个人卸，稍慢一点就上不了车。没干几天，腰便被磨得皮开肉绽，老婆送饭看到后流着眼泪将他拽回家。</p>\r\n<p>背一吨水泥3块钱，26天王连忠背了300吨，挣了900块。&ldquo;活是重活，工钱却是天文数字。&rdquo;他说。</p>\r\n<p>如今在皋兰县，很难找到比代课教师更廉价的工作。</p>\r\n<p><strong>体力活与疾病</strong></p>\r\n<p><font face=\"楷体_GB2312\">王连忠：砖柱子一行一行的，数起来就像数学生</font></p>\r\n<p>第三份工作长久一些，2006年春天，王连忠到邻县一家砖厂上班。进窑出砖的活他做不了，只负责拾砖坯、做统计。&ldquo;砖柱子一行一行的，数起来就像数学生。&rdquo;他熟悉那样的感觉。</p>\r\n<p>活不重，挣的钱也少，900块工资，吃饭要花200块。后来一个工友对他说，到新疆挖矿能挣钱。</p>\r\n<p>于是，2007年5月，这个40多岁的男人第一次坐火车，之前他兰州都没去过，虽然皋兰隶属兰州，那里的繁华近在咫尺。出远门，老婆不放心去送行，王连忠永远忘不了那一幕，火车开动后他隔着车窗看到，&ldquo;她一个人站在月台上哭&rdquo;。</p>\r\n<p>那是座天青石矿，在吐鲁番地区，离托克逊县城有300里地，要穿过茫茫的戈壁进到大山里。</p>\r\n<p>推车进洞装满矿石后再推出来倒进壕沟，他在新疆每天都不断重复这样的动作。工人中汉族少，他有些不适应，但最让他感慨的是自然环境，大风刮得石头满地跑，如同流水一般。</p>\r\n<p>&ldquo;你一个人是出不来的，不被晒死就被渴死。&rdquo;王连忠觉得在那里干活就像坐牢，但这的确是他干过的工作中挣钱最多的一份，本打算一直做下去，但3个月后，家里捎来信说老婆病了，他只得辞工搭辆矿车出了戈壁，带着挣得的2000多元回到故乡。</p>\r\n<p>杨言萍若不是疼得实在没办法，决不会拖丈夫后腿，丈夫在新疆的日子，她胆囊炎发作了几次，只能求邻居帮忙送医院。但即使王连忠回来，也不能从根本上解决问题。这是一个耽搁多年的手术，没钱所以没做。</p>\r\n<p>疾病是代课老师最大的噩梦。王连忠拼命打工给老婆攒手术费的时候，在村庄的另一头，他的同事姚建忠已为治病欠下几万元&ldquo;巨额债务&rdquo;。</p>\r\n<p>姚患上一种顽固的眼疾&mdash;&mdash;&mdash;葡萄膜炎，现在左眼基本失明，右眼视力低下。他长期服用激素，面部浮肿，和过去讲台上那个意气风发的姚老师已判若两人。 为方便他看病，妻子索性到兰大医院当了名清洁工，每个月拿600元工资，是全家唯一的收入来源。且不说医疗费，两个孩子每年四五千元的学费就足以把这个家 的脊梁压弯。</p>\r\n<p><strong>73岁，黄河边放羊</strong></p>\r\n<p><font face=\"楷体_GB2312\">魏兴旺：烛光欲燃尽，辛酸泪不干，是我的写照</font></p>\r\n<p>皋兰县城离兰州仅35公里，但经济并不发达，要找份好活不容易，特别是这些除写黑板之外再无一技之长的教书匠，加上年龄偏大，体面的工作基本与代课老师绝缘。</p>\r\n<p>魏军邦在石洞镇教书15年，2005年一下岗就往兰州人才市场跑了好多次，没有一家单位愿意接收这个34岁的代课老师。他于是贷款1万元买辆二手 &ldquo;蹦蹦车&rdquo;(机动三轮)在县城拉客，一趟2元，每天挣二三十元，不够油钱和管理费，跑了两年只能另找活路。后来他做过运砖、拌灰、架电线等体力活，现赋闲 在家。</p>\r\n<p>魏怀钊患有高血压、前列腺炎、椎间盘突出、胃溃疡，47岁一身是病，干了一阵工程队扛不住，回家贷款5万元养猪，目前养了20多头，最近饲料价格太高，一头猪养下来只能挣100元左右。魏怀钊说，养猪最不好的是风险大，一开始时没经验病死了几头，但再怎么都比工程队好。</p>\r\n<p>魏兴旺73岁了，还得到黄河边放羊。他是皋兰最老的代课教师，家住在有名的梨树之乡。&ldquo;文革&rdquo;爆发那年，他被选入什川中学任教，一干就是30多年。 如今，古梨树依然挺拔，魏老师却已枯槁。离开校园后，老人开始养羊，最多养了6只，如今爬不动山梁子了，只养了两只。&ldquo;烛光欲燃尽，辛酸泪不干。&rdquo;魏兴旺 说这是自己的写照。</p>\r\n<p>女教师下岗后更难找工作。卖保险门槛不高，关键是能游说到客户，因此皋兰县的保险业务员中，有很多人曾经在教育战线战斗过。卓含英说，她所在的人保 公司30个人中就有5个是代课教师，近两年这个行当不好做，竞争日趋激烈，特别是当她们把身边的亲戚朋友都挖掘完后，很难再发展新的客户。</p>\r\n<p><strong>17年，补偿4080元</strong></p>\r\n<p><font face=\"楷体_GB2312\">王连忠：如果无法给我们找出路，那也在补偿上多给一点，别让我们寒心了</font></p>\r\n<p>王连忠现在的单位离家30里，是个做防水材料的厂子，从新疆回来后在那里一直干到现在。这份工作并不稳定，厂里有单开工，无单歇业，闲着的时候，王老师就得另想办法。他现在怕见到自己的学生，特别是干活的时候。</p>\r\n<p>袁维军也是如此，贷款买了辆旧卡车卖老年服装，在各个乡镇跑，但从不去工作过的地方摆摊。大冬天下乡，夜里零下一二十度，但他只住没有暖气的房间，10元一晚还带停车。</p>\r\n<p>然而，学生永远是老师的骄傲，尤其在老师们穷困潦倒的时候，说起得意门生可以修补他们的尊严。和尚堡小学最多时仅四五十名孩子，梁亨昌、卓含英及王建凯都爱提起的三个学生，两个上北大，一个上南开。&ldquo;有一个大学毕业了，现在外交部工作。&rdquo;梁亨昌自豪地说。</p>\r\n<p>皋兰的教育在甘肃名列前茅，皋兰一中10年输送了2000多名大学生，是惟一一所被列入国内高考状元100强名校的甘肃县级中学，被地方政府称为&ldquo;一个叫得响的品牌&rdquo;。但是，这个品牌并没给做它垫脚石的人们带来什么好处。</p>\r\n<p>2005年大清退后还有少数代课老师留在教室里，王建凯就是其中的一位。他到2007年才被清退。那年兰州市制定了一个解决代课教师问题的方案，王建凯这批被辞退的老师，按教龄每人每年得1000元的补偿，而在他之前被清退的同事梁亨昌和卓含英却一分不得。</p>\r\n<p>2007年前离职的老师们愤愤不平，他们一起到县政府申诉，最终得到&ldquo;根据代课年限每年补偿240元，分两年付清&rdquo;的回复。</p>\r\n<p>就这样，王连忠付出17年的人生，换回了4080元的补偿。2009年底，他和来自甘肃11个市的代课教师到省里反映情况。老师们提出提高补偿标准、办低保、择优&ldquo;转正&rdquo;几点要求。今年1月，最近一次同有关部门沟通得到的回复是&ldquo;正在研究&rdquo;。</p>\r\n<p>王连忠说，他的学生考上大学的很多，在县政府、乡政府工作的也很多。&ldquo;我确实做了一定贡献，政府如果无法给我们找出路，那也在补偿上多给一点，别让我们寒心了。&rdquo;</p>\r\n<p>2008年春节前，他买过一台二手爆米花机，一个黑铁罐花了200元。他想尝试卖爆米花，结果罐子漏气，完全用不了。</p>\r\n<p>如今眼看又要过年，工厂没有订单，他又买了个全新的，也是200元，先在家里试了一次，运气不错&ldquo;爆了10锅子，成功了7锅子&rdquo;。</p>\r\n<p>1月12日，下大雪，<a href=\"http://news.163.com/special/p/00011F1T/people2005taxin.html\">他信</a>心满满，带着机器到街上卖爆米花，然而连爆7锅都失败了，乡亲们出于同情仍付钱给他。这一天从早到晚，他挣了5元钱。他向一个老师傅请教，师傅说他的罐子漏气了。</p>\r\n<p>第二天，出大太阳，老婆一早就出门到县城找小姨子，打听一下节前有什么活计可做。王连忠说&ldquo;爆米花没成功，但年还是得过。&rdquo;</p>\r\n<p>□采写：本报记者 卢斌 摄影：本报记者 郭现中</p>','*SYSTEM','2010-02-07 13:57:21',NULL),('4028814826ae77460126ae7e5223001d','2','重庆跻身中国五大中心城市 深圳落选','<p class=\"summary\">核心提示：记者获悉,在城乡建设部编制的《全国城镇体系规划》中,重庆与北京、天津、上海、广州一起,被确定为国家五大中心城市,在中西部地区一枝独秀。值得一提的是,深圳并没有入选,而被确定为华南地区的区域中心城市。</p>\r\n<div id=\"endText\">\r\n<p class=\"f_center\"><img src=\"http://img1.cache.netease.com/catchpic/E/E2/E26B3E5C3D89B4F2197A4B63A83B55F5.jpg\" alt=\"中国区域发展战略调整 重庆市入选国家五大中心城市\" id=\"12267870\" /></p>\r\n<p class=\"f_center\">被确定为国家中心城市,重庆又迎来一个发展的大契机</p>\r\n<p><strong>新华网2月8日电</strong> 继国务院3号文件后,又一重要规划将重庆发展提升到国家战略!记者昨日获悉,在城乡建设部编制的《全国城镇体系规划》中,重庆与北京、天津、上海、广州一 起,被确定为国家五大中心城市,在中西部地区一枝独秀。值得一提的是,深圳并没有入选,而被确定为华南地区的区域中心城市。</p>\r\n<p><strong>为何能入选我国区域发展战略调整</strong></p>\r\n<p>国家中心城市发端于2005年,建设部根据《城市规划法》编制全国城镇体系规划时,就提出了这一概念。&ldquo;所谓国家中心城市,就是在全国具备引领、辐射、集散功能的城市。&rdquo;市规划局总规划师张远昨日接受本报记者采访时称。</p>\r\n<p>重庆为何能跻身一线顶尖城市?&ldquo;这是城乡建设部对重庆城市地位的进一步明确。&rdquo;张远透露,早在国务院2007年批准实施重庆城乡总规划时就提出,重 庆有五大定位:我国重要的中心城市之一,国家历史文化名城,长江上游地区经济中心,国家重要的现代制造业基地,西南地区综合交通枢纽。</p>\r\n<p>此次入选国家中心城市,体现了我国区域发展的战略调整,在五个中心城市中,上海是东部的中心,北京、天津是北方地区和环渤海地区的中心,广州是珠三 角地区的中心,重庆则是中西部唯一的中心。值得一提的是,深圳并没有入选国家中心城市,而被确定为华南地区的区域中心城市,&ldquo;能获得国家中心城市的定位, 是一张非常重要的名片,对重庆经济社会发展具有重大意义&rdquo;。张远说。</p>\r\n<p><strong>有什么意义中央战略布局的重要棋子</strong></p>\r\n<p>在著名经济学家、国家发改委咨询专家周立群看来,从上世纪末期起,西部大开发、振兴东北、环渤海地区开发等国家战略陆续推出,其中,中西部地区的战 略地位越来越重要。而重庆不仅是中西部唯一的直辖市,周围又集中了一个具备较强实力的城市群,被确定为国家中心城市,也是中央的战略性决策要义和重要棋 子。</p>\r\n<p>他说,现在一个国家的地位,不是由某一区域大小来定,而是由特大城市的地位所决定,&ldquo;重庆入选意义非常重大,关系到未来国家深度开发西部的战略&rdquo;。 换句话说,国家中心城市好比是国家经济的聚宝盆,任何发达国家都会建立相应数量的&ldquo;国家中心城市体系&rdquo;。如德国有柏林、法兰克福,法国有巴黎、里昂,美国 也有十几个&ldquo;国家中心城市&rdquo;。</p>\r\n<p><strong>有什么目标五大使命+区域政治文化中心</strong></p>\r\n<p>未来,作为国家中心城市,重庆在区域经济发展中又应发挥怎样的作用?张远认为有五个方面的使命:突出的区域辐射功能,在中国西部经济发展中具有重要 影响力;成为内陆直接对外开放的城市;成为西部,乃至中国的物流、交通和人流门户与枢纽;肩负更重要的产业职能和经济职能;成为国家改革开放的重要试验 区。</p>\r\n<p>&ldquo;既然是中国的中心城市了,也就是国际的中心城市之一。&rdquo;中央党校国际战略研究所专家潘国平则认为,重庆可借力推动&ldquo;亚洲联盟&rdquo;在渝设立,在成为区 域经济中心后,也成为区域政治文化中心。下一步,重庆可吸引更多使领馆进驻,积极动员新成立的国际组织总部或者分支机构在中国落户时优先选择重庆,鼓励现 有驻京的少量的国际组织或者国际组织驻华代表处迁移重庆落户等。</p>\r\n<p><strong>应该怎么建北拓东跨和西进南优</strong></p>\r\n<p>重庆如何建国家中心城市?中国城市规划设计研究院院长李晓江勾勒了一路径:北拓东跨和西进南优。所谓的&ldquo;北拓东跨&rdquo;,是指以两江新区为依托,全面打 造内陆开放高地,并解决动力不足的问题;&ldquo;西进南优&rdquo;,是指提升西永和西彭组团,优化南部老城区,建设外围卫星城,解决培育腹地、均衡发展的问题。&ldquo;这两 个问题解决了,重庆作为国家中心城市的支撑也就有了。&rdquo;李晓江说。</p>\r\n<p><strong>何时能实现有望10年内名副其实</strong></p>\r\n<p>中国城市规划设计研究院院长李晓江参与了《全国城镇体系规划》的编制工作,他说,目前重庆自身的实力还不足以扮演这一角色。李晓江认为,目前重庆的 整体规划布局尚不完善:一方面,重庆城市功能还不完善,城乡二元结构突出;另外,重庆城市的空间布局也不尽合理,现在还处于&ldquo;小城市&rdquo;拼合成&ldquo;超大城市&rdquo; 的阶段。</p>\r\n<p>张远也认为,重庆与国家中心城市的规划定位相比,差距不小,&ldquo;不是说确定为中心城市,你就已经是了&rdquo;。&ldquo;经济总量我们还很小,交通枢纽中心的地位也 没有建立起来,文化软实力也有欠缺。这是一个渐进的过程,重庆需要突破的瓶颈还很多。&rdquo;那么,重庆何时能成为名副其实的国家中心城市?张远给出的答案 是:10年内。</p>\r\n<p><strong>五大中心城市简介</strong></p>\r\n<p><strong>北京</strong></p>\r\n<p>我国首都，全国政治、经济、交通和文化中心，是全球拥有世界文化遗产最多的城市。</p>\r\n<p><strong>天津</strong></p>\r\n<p>我国北方的经济中心，国际港口城市。位于环渤海经济圈的中心，是我国北方最大的沿海开放城市，我国北方的海运与工业中心。天津滨海新区被誉为&ldquo;中国经济未来第三增长极&rdquo;。</p>\r\n<p><strong>上海</strong></p>\r\n<p>中国第一大城市，是中国大陆的经济、金融、贸易和航运中心。拥有中国最大的工业基地、最大的外贸港口。</p>\r\n<p><strong>广州</strong></p>\r\n<p>我国华南地区第一大城市，华南地区政治、经济、科技、教育和文化中心；我国最重要的交通枢纽之一。</p>\r\n<p><strong>重庆</strong></p>\r\n<p>我国长江上游地区经济和金融中心，内陆出口商品加工基地和扩大对外开放的先行区，我国重要的现代制造业基地，长江上游科研成果产业化基地，中西部地 区发展循环经济示范区，国家高技术产业基地，长江上游航运中心，中央实行西部大开发的开发地区以及国家统筹城乡综合配套改革试验区。</p>\r\n<p><strong>5中心城市2009年GDP总量</strong></p>\r\n<p>上海 14900.93亿元</p>\r\n<p>北京 11865.9亿元</p>\r\n<p>广州 超过9000亿元</p>\r\n<p>天津 7000亿元左右</p>\r\n<p>重庆 超过6500亿元</p>\r\n<p><strong>5区域大城2009年GDP总量</strong></p>\r\n<p>武汉 3960亿元</p>\r\n<p>成都 3901亿元</p>\r\n<div class=\"gg200x300\"><iframe scrolling=\"no\" height=\"300\" frameborder=\"no\" width=\"200\" marginheight=\"0\" marginwidth=\"0\" border=\"0\" src=\"http://g.163.com/r?site=netease&amp;affiliate=news&amp;cat=article&amp;type=tvscreen200x300&amp;location=1\"></iframe></div>\r\n<p>沈阳 3855亿元</p>\r\n<p>西安 2719亿元</p>\r\n<p>昆明 1600亿元</p>\r\n<p><strong>10城市2009年人均收入</strong></p>\r\n<p>广州 16884元</p>\r\n<p>上海 16683元</p>\r\n<p>北京 15638元</p>\r\n<p>天津 11467元</p>\r\n<p>成都 10394元</p>\r\n<p>武汉 9564元</p>\r\n<p>重庆 9221元</p>\r\n<p>昆明 9046元</p>\r\n<p>西安 8743元</p>\r\n<p>沈阳 11400元</p>\r\n(本文来源：<a href=\"http://media.163.com/special/007625CB/xhw.html\">新华网</a>  ) <a href=\"http://news.163.com/\"><img height=\"11\" border=\"0\" width=\"12\" class=\"icon\" alt=\"netease\" src=\"http://img1.cache.netease.com/cnews/img07/end_i.gif\" /></a></div>','*SYSTEM','2010-02-09 00:51:39',NULL),('4028814826ae77460126ae7ef97f0021','2','铁道部：实名制是否推广尚无定论','<p class=\"summary\">核心提示：铁道部新闻发言人王勇平7日表示，实名制购票是否在全国推广尚无定论。他表示，最后的结论要由社会各界，特别是亲身感受过实名制的旅客朋友，作出自己应作的结论。</p>\r\n<p><strong>京华时报2月8日报道 </strong>昨天上午，铁道部就<a target=\"_blank\" title=\"2010年春运\" href=\"http://news.163.com/special/2010chunyun\">2010年春运</a>在北京南站接受30余家境内外媒体的采访。铁道部新闻发言人王勇平回应了&ldquo;东莞站长被免&rdquo;等热点事件，并表示实名制是否推广尚无定论。</p>\r\n<p>王勇平表示，铁路部门对实名制持既积极主动又比较慎重的态度。从试点的情况来看，对打击黄牛党炒票、推进信息公开透明，的确产生了积极作用，但黄牛党并没有因此绝迹，他们正变换着手段，继续从事违法活动。公安已经盯住了他们，将加大打击力度，净化购票环境。</p>\r\n<p>王勇平坦言，实名制对旅客购票乘车也确实带来了一些不便，也带来了一些新挑战，&ldquo;当客流高峰到来时，广东地区的108个验票点就像闸门一样顶着汹涌而来的旅客，这样容易产生安全问题。&rdquo;</p>\r\n<p>至于实名制会不会在全国推广，王勇平称，最后的结论要由社会各界，特别是亲身感受过实名制的旅客朋友，作出自己应作的结论。</p>\r\n<div class=\"gg200x300\"><iframe scrolling=\"no\" height=\"300\" frameborder=\"no\" width=\"200\" marginheight=\"0\" marginwidth=\"0\" border=\"0\" src=\"http://g.163.com/r?site=netease&amp;affiliate=news&amp;cat=article&amp;type=tvscreen200x300&amp;location=1\"></iframe></div>\r\n<p>因站内工作人员帮助旅客爬窗上火车，东莞东站站长和书记被免职一事近日在网上流传热议。对此，王勇平回应说，作出这样的决定，他们的心 情也很沉重。春运期间铁路员工非常辛劳，比常人付出得更多，但在处理该事件时，铁路部门也要硬下心肠，&ldquo;因为我们没有选择&rdquo;。他说，在春运这个特殊时刻， 铁路部门首先考虑的就是安全，他们绝对不允许为了使旅客走得了，而采取一些不符合客观要求的方式，这样既破坏了运输秩序，也容易造成事故。当一个领导者在 这个问题上头脑不清醒的话，也就意味着，他们不能承担春运领导、组织、秩序安全等方面的职务。</p>\r\n<p>王勇平强调，他们仅仅是免职，并不是某些媒体所认为的&ldquo;失去工作岗位&rdquo;，他们还有很多机会，能继续为春运服务。近日，东莞东站站长和书记因站内工作人员帮助旅客爬窗上火车被免职。该事件在网上引发网民争议，有网民认为乘务员帮助乘客上车并无不妥。</p>','*SYSTEM','2010-02-09 00:52:22',NULL),('4028814826ae77460126ae7f87870024','2','春运第九天中国铁路发送旅客近500万人次','<p>新华网北京2月8日电(记者王敏、齐中熙)记者8日从铁道部获悉,7日是春运第九天,全国铁路发送旅客499.4万人次,同比增加13.2万人次,同比增长2.7%。</p>\r\n<p>其中,跨局直通旅客207.2万人次,同比增加3.6万人次,同比增长1.8%;各铁路局管内旅客283万人次,同比增加8.5万人次,同比增长3.1%,旅客候车、购票、乘降平稳有序。</p>\r\n<p>8日全国铁路开行临客591列。其中,直通临客337列,管内临客254列。</p>\r\n在重点地区,北京地区发送旅客339317人次,北京西站发送旅客199204人次;广州地区发送旅客583175人次,广州站发送旅客228917人次;上海地区发送旅客321601人次,上海站发送旅客140987人次。','*SYSTEM','2010-02-09 00:52:58',NULL),('4028814826ae77460126ae7fe3910027','2','新疆再刑拘两名手机短信传播\"分裂言论\"者','<p class=\"summary\">核心提示：近日，新疆各地公安机关根据群众举报，陆续依法查处数起利用手机短信故意传播有害信息、严重破坏民族团结的案件。截至2月7日，警方再次刑事拘留2人，另多人被处以治安处罚。</p>\r\n<p><strong>天山网2月8日报道</strong> 近日，新疆各地公安机关根据群众举报，又陆续依法查处数起利用手机短信编造、故意传播有害信息案件。截至2月7日，依法刑事拘留2人，其余人员被处以治安处罚。</p>\r\n<p>1月26日，自治区各新闻媒体报道了我区公安机关严厉打击利用手机短信故意编造、传播有害信息违法犯罪行为的消息之后，类似违法犯罪案件明显减少，但仍有个别人<!--ADV_CONTENT-->置若罔闻，继续向疆内外手机用户发送影响社会稳定、破坏民族团结等内容的有害信息，在群众中造成了一定的恐慌，扰乱了公共秩序，破坏了民族团结，影响了社会稳定。</p>\r\n<p>1月18日，吴某某向多人发送严重破坏民族团结、危害社会稳定的短信，在社会上造成极其恶劣的影响，根据群众举报，乌鲁木齐市公安局将其抓获并依法刑事拘留。</p>\r\n<p>1月28日，姚某某用手机向疆内外网友编造并故意发送影响社会稳定的谣言，谣言内容严重背离事实，在群众中造成了恶劣影响。姚某某被塔城地区公安机关处以行政拘留10日并处500元罚款的治安处罚。</p>\r\n<p>1月下旬，李某某、陈某某分别给疆外朋友发送含有涉恐涉暴内容的谣言，严重扰乱了公共秩序。近日，2人分别被乌鲁木齐、哈密公安机关处以500元罚款的治安处罚。</p>\r\n<div class=\"gg200x300\"><iframe scrolling=\"no\" height=\"300\" frameborder=\"no\" width=\"200\" marginheight=\"0\" marginwidth=\"0\" border=\"0\" src=\"http://g.163.com/r?site=netease&amp;affiliate=news&amp;cat=article&amp;type=tvscreen200x300&amp;location=1\"></iframe></div>\r\n<p>1月底，阿某某、麦某某等4人利用手机传输、发送涉及有&ldquo;圣战&rdquo;内容的非法宗教音频资料和短信，公安机关依法对4人责令具结悔过。</p>\r\n<p>在校学生陈某、李某等人分别通过发送短信、打电话等方式传播谣言，扰乱公共秩序。鉴于其在校生身份，且认罪态度较好，情节轻微，未造成影响，公安机关对其批评教育，责令具结悔过。</p>\r\n<p>春节将至，为了全疆各族人民过一个安定、祥和的新春佳节，公安机关呼吁各族群众共同维护来之不易的稳定局面，不信谣、不传谣、不造谣，并积极向当地110举报编造、故意传播有害信息案件。</p>','*SYSTEM','2010-02-09 00:53:21',NULL),('4028814826ae77460126ae8070dd002b','2','地方两会产生14位省部级官员','<p class=\"summary\">核心提示：中国各省区市的人代会、政协会相继落幕，有16个省区市进行了省级人事调整，其中4位代省长、代市长通 过正式任命，6省区人大主任易人，3省份选出政协主席。这次省级人事调整，主要是填补去年一批地方高官落马，以及年底5省区党委主要负责人调整而产生的职 位空缺。</p>\r\n<p class=\"f_center\"><img src=\"http://img1.cache.netease.com/cnews/2010/2/8/20100208003209aeb08.jpg\" alt=\"\" /></p>\r\n<p>1月26日，上任仅50多天的重庆市代市长黄奇帆在当天举行的重庆市三届人大三次会议上当选为重庆市长。2009年12月3日，重庆市三届人大常委 会举行第十四次会议接受原重庆市市长王鸿举因年龄原因卸任市长一职请求，任命中共重庆市委副书记、常务副市长黄奇帆出任代市长。图为当选为重庆市长后黄奇 帆发表讲话。 中新社发 胡虹 摄</p>\r\n<p class=\"f_center\"><img src=\"http://img1.cache.netease.com/cnews/2010/2/8/2010020800320949615.jpg\" alt=\"\" /></p>\r\n<p>1月12日日召开的青海省第十一届人大常委会第十三次会议决定，任命骆惠宁为青海省副省长，代理省长职务。会议同时审议通过，骆惠宁为青海省出席第十一届全国人民代表大会代表。图为资料图片。 中新社发 钱兴强 摄</p>\r\n<p><strong>中新网2月8日电</strong> 综合消息，目前，中国各省区市的人代会、政协会均已落幕。今年并非&ldquo;换届年&rdquo;，但仍有16个省区市进行了省级人事调整，其中四位代省长、代市长通过正式任命，六省区人大主任易人，三省份选出政协主席，本轮调整学者型、技术型官员及&ldquo;60后&rdquo;官员颇为引人注目。</p>\r\n<p><strong>全国过半省份进行省级人事调整</strong></p>\r\n<p>宁夏自治区人代会2月6日闭幕，至此，中国各地 &ldquo;两会&rdquo;都已落幕。据统计，共有16个省区市进行了人大、政府、政协三套班子的省级人事布局，产生14位省部级官员，此次调整还涉及到农业部和全国妇联。</p>\r\n<p>本轮人事调整，学者型、技术型官员和&ldquo;60后&rdquo;官员是外界关注的焦点。其中，青海省长骆惠宁是经济学博士，重庆市长黄奇帆拥有&ldquo;金融市长&rdquo;美誉，而胡春华、孙政才两位&ldquo;60后&rdquo;更是舆论关注的热点人物。</p>\r\n<p>另外，这次省级人事调整，主要是填补去年一批地方高官落马，以及年底五省区党委主要负责人调整而产生的职位空缺。去年，河南、福建、辽宁、吉林和内 蒙古五省区党委主要负责人调整，卢展工、孙春兰、王珉、孙政才和胡春华分别担任上述省区书记。另外山东省政协原主席孙淑义、广东省政协原主席陈绍基、贵州 政协主席黄瑶等因为违法违纪皆被撤职。</p>\r\n<p>此外，在今年的地方&ldquo;两会&rdquo;上，北京、天津、重庆、河北、江西、青海、西藏、新疆等地区也进行了省级人事调整。</p>\r\n<p><strong>六省区人大主任易人</strong></p>\r\n<p>在今年的地方&ldquo;两会&rdquo;上，中国六省区选举产生了新的人大常委会主任。其中，河南、福建、辽宁、吉林和内蒙古五省区新任党委主要负责人纷纷获任当地省、区人大常委会主任。</p>\r\n<p>上述五省区人大常委会主任中，孙政才、胡春华这两名&ldquo;60后&rdquo;官员广受关注。有分析认为，西藏与内蒙古分别是中国的第二大和第三大少数民族自治区，胡春华在西藏的丰富经历，将有助于其在内蒙古开展工作。</p>\r\n<p>吉林是中国的粮食大省，国务院此前已批复规划，用5年时间投资260亿，实现吉林粮食增产100亿斤的目标。曾任农业部长、党组书记，又是农学博士出身的孙政才出掌吉林，可谓适才所用。</p>\r\n<p>此外，在西藏自治区人代会上，今年63岁的向巴平措，由自治区政府主席转任区人大常务委主任。中共西藏自治区党委书记张庆黎评价称，向巴平措是优秀藏族高级领导干部，由他担任自治区人大常委会主任是中央的信任和全区各族人民的期望。</p>\r\n<p>另外，北京、江西、山西、安徽、天津等省市也选举产生了人大常委会副主任。</p>\r\n<p><strong>四省市代省长、代市长通过正式任命 西藏选出新主席</strong></p>\r\n<p>在今年的地方&ldquo;两会&rdquo;上，共产生了五位新任省级行政首长，其中，重庆、河北、吉林、青海四省市代市长、代省长都顺利通过正式任命。</p>\r\n<p>2009年12月，64岁的重庆市市长王鸿举因年龄原因卸任，由中共重庆市委副书记、常务副市长黄奇帆出任代市长。王鸿举随后赴全国人大任职，出任全国人大环境与资源保护委员会副主任委员。在今年1月26日重庆市三届人大三次会议闭幕会上，黄奇帆当选重庆市长。</p>\r\n<p>去年11月，中共中央决定，原河南省委副书记陈全国任河北省委委员、常委、副书记;胡春华调任内蒙古自治区党委书记。由于调任内蒙古的胡春华还兼任河北省长一职，陈全国随即出任河北省政府副省长、代省长。在今年河北省十一届人大三次会议上，陈全国当选河北省长。</p>\r\n<p>去年12月，吉林省十一届人大常委会举行会议，决定接受韩长赋辞去吉林省省长职务的请求，决定任命王儒林为吉林省副省长，决定王儒林为吉林省代理省 长。与&ldquo;三农&rdquo;工作渊源深厚的韩长赋卸任不久即出任农业部党组书记、部长。今年1月23日，王儒林亦在该省人代会闭幕会上当选为吉林省省长。</p>\r\n<p>今年1月，因&ldquo;中国唯一女省长&rdquo;&mdash;&mdash;青海省长宋秀岩出任全国妇联副主席、全国妇联书记处第一书记，拥有经济学博士学历的骆惠宁被任命为青海省副省长，代理省长。在1月30日举行的青海省人代会上，骆惠宁当选为青海省长。</p>\r\n<p>西藏方面，西藏自治区九届人大三次会议1月15日通过人事定案，批准向巴平措辞去自治区政府主席职务，并选举白玛赤林为自治区政府主席。</p>\r\n<p><strong>三省政协主席填补空缺 三省区选出政协副主席</strong></p>\r\n<p>2009年，广东、山东、贵州三省的省政协主席&ldquo;出事&rdquo;落马，导致职位空缺，在今年的政协会上，该三省均选出了新任省政协主席。</p>\r\n<p>2009年4月，因涉嫌严重违纪违法，广东省政协原主席陈绍基被免职。今年2月1日，广东省政协十届三次会议举行大会选举，广东省常务副省长黄龙云当选为十届广东省政协主席。同时，徐尚武当选为广东省政协副主席。</p>\r\n<p>在今年1月29日结束的山东省政协三次会议选举大会上，山东省委副书记刘伟被补选为山东省政协主席。此前，山东省政协原主席孙淑义于2009年12月被免去政协主席职务。</p>\r\n<p>去年11月，原贵州省政协主席黄瑶因严重违纪被免职。今年1月23日，贵州省政协十届三次会议第四次全体会议选举王正福为贵州省政协主席。</p>\r\n<p>此外，今年地方政协会议还有副省级人事调整。1月15日，新疆自治区政协十届三次会议决定：免去柳耀华同志政协新疆维吾尔自治区第十届委员会副主席职务。2009年9月，柳耀华被免去新疆自治区公安厅厅长职务。</p>','*SYSTEM','2010-02-09 00:53:58',NULL),('4028814826ae77460126ae80c1ac002e','2','2010年全国两会将于3月开幕','<p class=\"summary\">核心提示：2010年3月5日和3月3日，第十一届全国人民代表大会第三次会议和政协第十一届全国委员会第三次会议,将分别在北京开幕。&ldquo;全国两会&rdquo;新闻中心于2月26日正式开展工作，全国人大常委会办公厅和全国政协办公厅2月1日宣布,欢迎中外记者届时前来采访。</p>\r\n<p><strong>新华网2月1日电</strong>&nbsp; 第十一届全国人民代表大会第三次会议和政协第十一届全国委员会第三次会议,将分别于2010年3月5日和3月3日在北京开幕。全国人大常委会办公厅和全国政协办公厅1日宣布,欢迎中外记者届时前来采访。</p>\r\n<p>十一届全国人大三次会议、全国政协十一届三次会议将在中国北京西长安街北侧的梅地亚中心(北京复兴路乙11号,邮政编码100038)设立新闻中心,负责接待和安排中外记者对会议的采访。新闻中心于2月26日正式开展工作。</p>\r\n<div class=\"gg200x300\"><iframe scrolling=\"no\" height=\"300\" frameborder=\"no\" width=\"200\" marginheight=\"0\" marginwidth=\"0\" border=\"0\" src=\"http://g.163.com/r?site=netease&amp;affiliate=news&amp;cat=article&amp;type=tvscreen200x300&amp;location=1\"></iframe></div>\r\n<p>凡要求采访两个会议的记者需提出申请。中央新闻单位记者向新闻中心提出申请,地方随团记者由各代表团向新闻中心提出申请,香港特别行政 区记者向中央人民政府驻香港特别行政区联络办公室提出申请,澳门特别行政区记者向中央人民政府驻澳门特别行政区联络办公室提出申请,台湾地区记者向主管机 关授权的香港中国旅行社、澳门中国旅行社提出申请,外国驻华记者向新闻中心提出申请,短期来京采访的外国记者向中国驻外使领馆或者外交部授权的签证机构提 出申请。记者报名的截止日期为2月28日。</p>\r\n<p>为方便记者采访,两个会议新闻中心分别制作了网页,将及时通过互联网发布采访信息及与采访相关的资讯。十一届全国人大三次会议新闻中心网页地址 为:www.npc.gov.cn/pc/11_3/,全国政协十一届三次会议新闻中心网页地址为:www.cppcc.people.com.cn,1 日已同时开通。</p>','*SYSTEM','2010-02-09 00:54:18',NULL),('4028814826ae77460126ae81103a0032','2','国务院安委会：开展春节和两会期间安全生产检查','<p>中新网1月30日电 国务院安全生产委员会办公室日前下发通知，决定从1月底至3月底在全国范围内组织开展安全生产检查，有效防范和坚决遏制重特大事故，确保春节和全国&ldquo;两会&rdquo;期间安全生产形势稳定。</p>\r\n<p>今年以来，部分地区和行业(领域)事故多发，安全生产形势十分严峻。特别是1月4日河北省邯郸市武安市普阳钢铁公司发生重大煤气中毒事故，1月5日湖南省湘潭市立胜煤矿发生特别重大火灾事故，给人民群众生命财产造成严重损失。</p>\r\n<p>对此，通知指出，这些事故暴露出一些地区和部门安全监管不到位、打击非法违法不力，一些企业隐患排查治理不彻底、安全措施不落实等突出问题。</p>\r\n<p>通知指出，这次安全生产检查的范围是所有行业(领域)，重点检查煤矿、非煤矿山、危险化学品、烟花爆竹、交通运输、建筑施工、人员密集场所、渔业船舶、冶金制造、民爆、电力、旅游等行业(领域)。<!--蒙牛--></p>\r\n<div class=\"gg200x300\"><iframe scrolling=\"no\" height=\"300\" frameborder=\"no\" width=\"200\" marginheight=\"0\" marginwidth=\"0\" border=\"0\" src=\"http://g.163.com/r?site=netease&amp;affiliate=news&amp;cat=article&amp;type=tvscreen200x300&amp;location=1\"></iframe></div>\r\n<p>据介绍，此次安全生产检查的主要内容有：地方政府及其有关部门加大监管力度，强化联合执法，严厉打击非法违法、违规违章行为和组织企业 开展隐患排查治理情况；重点行业(领域)特别是烟花爆竹、交通运输、人员密集场所、旅游等行业(领域)安全监管，落实安全防范措施的情况；在春节、全国 &ldquo;两会&rdquo;期间继续生产的高危行业企业特别是国有重点煤矿企业加强安全管理、落实安全措施的情况等。</p>\r\n<p>这次安全生产检查采取企业自查与政府督促检查相结合的方式进行。国务院安委会办公室将分别在春节前和全国&ldquo;两会&rdquo;期间组织对重点地区进行督导检查。</p>','*SYSTEM','2010-02-09 00:54:38',NULL),('4028814826ae77460126ae8174ff0035','2','地方两会吹网络新风 \"微博\"显问政潜力','<p class=\"summary\">核心提示：在拥有3．84亿网民的中国，新兴的微博又被戏称为&ldquo;围脖&rdquo;。当下各地陆续召开的两会上，一些人大代表和政协委员们也已经意识到&ldquo;围脖&rdquo;的问政潜力。</p>\r\n<p class=\"f_center\"><strong><img oldsrc=\"W020100128373869366886.jpg/\" src=\"http://news.xinhuanet.com/politics/2010-01/28/xin_0920107272136906101776.jpg\" alt=\"\" /><br />\r\n</strong>地方两会吹网络新风 &quot;微博&quot;显问政潜力</p>\r\n<p><strong>中国广播网1月28日报道</strong></p>\r\n<p><strong>亮点一：&ldquo;网络问政&rdquo;写进政府工作报告</strong></p>\r\n<p>&ldquo;要更加关注人民群众的新期待，创新联系群众方式，支持鼓励网络问政。&rdquo;在今年的安徽省&ldquo;两会&rdquo;上，&ldquo;网络问政&rdquo;首次写进政府工作报告。在省政协十 届三次会议二次大会上，委员大会发言建议多渠道开通网络问政平台，各地政府要迅速成立反馈机制，作为安徽新闻门户网站中安在线&ldquo;网上问政&rdquo;栏目要向更深更 广层次延伸。&ldquo;网络问政&rdquo;成为代表、委员关注的&ldquo;两会&rdquo;热点。</p>\r\n<p><strong>亮点二： &ldquo;围脖&rdquo;问政现身中国政治舞台</strong></p>\r\n<p>曾经帮助奥巴马赢得美国大选的微博，也开始出现在了中国的政治舞台。在拥有3．84亿网民的中国，新兴的微博又被戏称为&ldquo;围脖&rdquo;。当下各地陆续召开的两会上，一些人大代表和政协委员们也已经意识到&ldquo;围脖&rdquo;的问政潜力。</p>\r\n<p><strong>亮点三：&ldquo;草根网民代表&rdquo;参政议政</strong></p>\r\n<p>从在红网岳阳论坛上收集民意，向政府建言，到被增补为岳阳县政协委员参加政协第十一届第三次会议并递交提案，网友&ldquo;错爱的我&rdquo;在新年里完成了从一个&ldquo;草根网民代表&rdquo;向县政协委员的转变。</p>\r\n<p>这是湖南首次从网民中&ldquo;特招&rdquo;政协委员，不但在湖南开创先例，也是继河南洛阳之后，中国公民以网友身份参政议政的又一突破。</p>','*SYSTEM','2010-02-09 00:55:04',NULL),('4028814826ccd9a90126cd068a69007e','1','【春节特献】优秀程序员的45个习惯','<p style=\"text-align: center;\"><img height=\"441\" width=\"350\" alt=\"\" src=\"http://hi.csdn.net/attachment/200911/19/3247_1258613891CT27.jpg\" /></p>\r\n<p>优秀来自好的习惯。怎样成为优秀的开发人员？<span style=\"color: blue;\"><a href=\"http://www.turingbook.com/\">图灵公司</a></span>最近热销的<span style=\"color: blue;\"><a href=\"http://www.china-pub.com/196313\">《高效程序员的45个习惯》一书</a></span>给出了很好的解答，非常值得一读。</p>\r\n<p><span style=\"color: blue;\"><a href=\"http://www.pragprog.com/titles/pad/practices-of-an-agile-developer\">这本书的英文原版</a></span>荣 获了有软件奥斯卡之称的Jolt生产效率大奖，在Amazon上也是好评如潮。第一作者Venkat Subramaniam博士是Agile Developer公司创始人，敏捷开发方面的权威人士，精通各种开发技术。第二作者Andy Hunt更是大名鼎鼎的人物，是敏捷宣言的创始人，著名图书出版公司Pragmatic Programmers的创始人。他有两本书大家应该都是知道：经典的Ruby教程《Programming Ruby》还有许多开发人员的最爱《程序员修炼之道》。</p>\r\n<p>译者团队则由著名的敏捷咨询公司ThoughtWorks咨询师钱安川和InfoQ中文站敏捷社区首席编辑、<span style=\"color: blue;\"><a href=\"http://www.programmer.com.cn/\">《程序员》杂志</a></span>前副主编郑柯组成，可以信赖。</p>\r\n<p>值得一提的是，这本书很像《程序员修炼之道》在敏捷时代的续篇。风格和写法都很神似。下面是从书中摘出的45个习惯标题，每个标题下面的文字是我读此书的笔记摘要。另外，图灵公司还在<a href=\"http://blog.csdn.net/turingbooks\">官方博客</a>上提供了<strong>几个章节免费阅读</strong>（下面给出了链接）。</p>\r\n<p>强烈推荐大家将这些打印出来，贴在自己的办公桌旁边的墙上，学习实践。</p>\r\n<p><strong><span style=\"color: blue; font-size: 16px;\">态度篇</span></strong></p>\r\n<p><span style=\"color: blue; font-size: x-small;\"> </span></p>\r\n<p><strong>1. 做实事</strong></p>\r\n<p>不要抱怨，发牢骚，指责他人，找出问题所在，想办法解决。对问题和错误，要勇于承担。</p>\r\n<p><strong>2. 欲速则不达</strong></p>\r\n<p>用小聪明、权宜之计解决问题，求快而不顾代码质量，会给项目留下要命的死角。</p>\r\n<p><strong>3. 对事不对人</strong></p>\r\n<p>就事论事，明智、真诚、虚心地讨论问题，提出创新方案。</p>\r\n<p><strong>4. 排除万难，奋勇前进</strong></p>\r\n<p>勇气往往是克服困难的唯一方法。</p>\r\n<p><span style=\"color: blue; font-size: 16px;\"><strong>学习篇</strong></span></p>\r\n<p><strong>5. 跟踪变化</strong></p>\r\n<p>新技术层出不穷并不可怕。坚持学习新技术，读书，读技术杂志，参加技术活动，与人交流。要多理解新词背后的所以然，把握技术大趋势，将新技术用于产品开发要谨慎。</p>\r\n<p><strong>6. 对团队投资</strong></p>\r\n<p>打造学习型团队，不断提高兄弟们的平均水平。</p>\r\n<p><strong>7. 懂得丢弃</strong></p>\r\n<p>老的套路和技术，该丢，就得丢。不要固步自封。</p>\r\n<p><strong>8. 打破砂锅问到底</strong></p>\r\n<p>不断追问，真正搞懂问题的本质。为什么？应该成为你的口头禅。</p>\r\n<p><strong>9. 把握开发节奏</strong></p>\r\n<p>控制好时间，养成好习惯，不要加班。</p>\r\n<p><span style=\"color: blue; font-size: 16px;\"><strong>开发流程篇</strong></span></p>\r\n<p><strong>10. 让客户做决定</strong></p>\r\n<p>让用户在现场，倾听他们的声音，对业务最重要的决策应该让他们说了算。</p>\r\n<p><strong>11. 让设计指导而不是操纵开发</strong></p>\r\n<p>设计是前进的地图，它指引的是方向，而不是目的本身。设计的详略程度应该适当。</p>\r\n<p><strong>12. 合理地使用技术</strong></p>\r\n<p>根据需要而不是其他因素选择技术。对各种技术方案进行严格地追问，真诚面对各种问题。</p>\r\n<p><strong>13. 让应用随时都可以发布</strong></p>\r\n<p>通过善用持续集成和版本管理，你应该随时都能够编译、运行甚至部署应用。</p>\r\n<p><strong>14. 提早集成，频繁集成</strong></p>\r\n<p>集成有风险，要尽早尽量多地集成。</p>\r\n<p><strong>15. 提早实现自动化部署</strong></p>\r\n<p><strong>16. 使用演示获得频繁反馈</strong></p>\r\n<p><strong>17. 使用短迭代，增量发布</strong></p>\r\n<p><strong>18. 固定价格就意味着背叛承诺</strong></p>\r\n<p>估算应该基于实际的工作不断变化。</p>\r\n<p><span style=\"color: blue; font-size: 16px;\"><strong>用户篇</strong></span></p>\r\n<p><strong>19. 守护天使</strong></p>\r\n<p>自动化单元测试是你的守护天使。</p>\r\n<p><strong>20. 先用它再实现它</strong></p>\r\n<p>测试驱动开发其实是一种设计工具。</p>\r\n<p><strong>21. 不同环境，就有不同问题</strong></p>\r\n<p>要重视多平台问题。</p>\r\n<p><strong>22. 自动验收测试</strong></p>\r\n<p><strong>23. 度量真实的进度</strong></p>\r\n<p>在工作量估算上，不要自欺欺人。</p>\r\n<p><strong>24. 倾听用户的声音</strong></p>\r\n<p>每一声抱怨都隐藏着宝贵的真理。</p>\r\n<p><span style=\"color: blue; font-size: 16px;\"><strong>编程篇</strong></span></p>\r\n<p><strong>25. 代码要清晰地表达意图<span style=\"font-weight: normal;\">（<span style=\"color: blue;\"><a href=\"http://blog.csdn.net/turingbooks/archive/2009/11/24/4863655.aspx\">免费样章链接</a></span>）</span></strong></p>\r\n<p>代码是给人读的，不要耍小聪明。</p>\r\n<p><strong>26. 用代码沟通</strong></p>\r\n<p>注释的艺术。</p>\r\n<p><strong>27. 动态地进行取舍</strong>（<span style=\"color: blue;\"><a href=\"http://blog.csdn.net/turingbooks/archive/2009/11/19/4835260.aspx\">免费样章链接</a></span>）</p>\r\n<p>记住，没有最佳解决方案。各种目标不可能面面俱到，关注对用户重要的需求。</p>\r\n<p><strong>28. 增量式编程</strong></p>\r\n<p>写一点代码就构建、测试、重构、休息。让代码干净利落。</p>\r\n<p><strong>29. 尽量简单</strong></p>\r\n<p>宁简勿繁。如果没有充足的理由，就不要使用什么模式、原则和特别的技术。</p>\r\n<p><strong>30. 编写内聚的代码</strong></p>\r\n<p>类和组件应该足够小，任务单一。</p>\r\n<p><strong>31. 告知，不要询问</strong></p>\r\n<p>多用消息传递，少用函数调用。</p>\r\n<p><strong>32. 根据契约进行替换</strong></p>\r\n<p>委托往往优于继承。</p>\r\n<p><span style=\"color: blue; font-size: 16px;\"><strong>调试篇</strong></span></p>\r\n<p><strong>33. 记录问题解决日志<span style=\"font-weight: normal;\">（<span style=\"color: blue;\"><a href=\"http://blog.csdn.net/turingbooks/archive/2009/11/29/4902179.aspx\">免费样章链接</a></span>）</span></strong></p>\r\n<p>不要在同一地方摔倒两次。错误是最宝贵的财富。</p>\r\n<p><strong>34. 警告就是错误</strong></p>\r\n<p>忽视编译器的警告可能铸成大错。</p>\r\n<p><strong>35. 对问题各个击破<span style=\"font-weight: normal;\">（<span style=\"color: blue;\"><a href=\"http://blog.csdn.net/turingbooks/archive/2009/12/15/5009847.aspx\">免费样章链接</a></span>）</span></strong></p>\r\n<p>分而治之是计算机科学中最重要的思想之一。但是，要从设计和原型阶段就考虑各部分应该能够很好地分离。</p>\r\n<p><strong>36. 报告所有的异常</strong></p>\r\n<p><strong>37. 提供有用的错误信息<span style=\"font-weight: normal;\">（<span style=\"color: blue;\"><a href=\"http://blog.csdn.net/turingbooks/archive/2009/12/26/5079462.aspx\">免费样章链接</a></span>）</span></strong></p>\r\n<p>稍微多花一点心思，出错的时候，将给你带来极大便利。</p>\r\n<p><span style=\"color: blue; font-size: 16px;\"><strong>团队协作篇</strong></span></p>\r\n<p><strong>38. 定期安排会面时间</strong></p>\r\n<p>常开会，开短会。</p>\r\n<p><strong>39. 架构师必须写代码<span style=\"font-weight: normal;\">（<span style=\"color: blue;\"><a href=\"http://blog.csdn.net/turingbooks/archive/2009/12/29/5098263.aspx\">免费样章链接</a></span>）</span></strong></p>\r\n<p>不写代码的架构师不是好架构师。好的设计都来自实际编程。编程可以带来深入的理解。</p>\r\n<p><strong>40. 实行代码集体所有制</strong></p>\r\n<p>让开发人员在系统不同区域中不同的模块和任务之间轮岗。</p>\r\n<p><strong>41. 成为指导者</strong></p>\r\n<p>教学相长。分享能提高团队的总体能力。</p>\r\n<p><strong>42. 让大家自己想办法<span style=\"font-weight: normal;\">（<span style=\"color: blue;\"><a href=\"http://blog.csdn.net/turingbooks/archive/2010/01/05/5135699.aspx\">免费样章链接</a></span>）</span></strong></p>\r\n<p>指引方向，而不是直接提供解决方案。让每个人都有机会在干中学习。</p>\r\n<p><strong>43. 准备好后再共享代码</strong></p>\r\n<p>不要提交无法编译或者没有通过单元测试的代码！</p>\r\n<p><strong>44. 做代码复查</strong></p>\r\n<p>复查对提高代码质量、减少错误极为重要。</p>\r\n<p><strong>45. 及时通报进展与问题<span style=\"font-weight: normal;\">（<span style=\"color: blue;\"><a href=\"http://blog.csdn.net/turingbooks/archive/2010/01/15/5193416.aspx\">免费样章链接</a></span>）</span></strong></p>\r\n<p>主动通报，不要让别人来问你。</p>','*SYSTEM','2010-02-14 23:09:02',NULL),('4028814826ccd9a90126cd078f170081','1','你是白领程序员还是蓝领程序员?','<p>通常的白领和蓝领分别是指非体力劳动和体力劳动工作者，这里的白领和蓝领定义泛指有无大学文凭，是毕业于职业学校还是大学。</p>\r\n<p>一位首席执行官讲述了他的一个经历：他的一位程序员同事没有获得了大学文凭，而是在一所职业技术学校学习了两年，这位同事并不是没钱进入大学，实际 上一开始他是在一所顶尖的工程技术大学学习，但是他认为学校的许多课程是完全是无意义，比如学习历史、政治学、哲学和社会学等，与计算机科学不搭界。他对 此很痛恨，在第一年退学后他进入一所两年制学校，专注于自己的兴趣，而不是其它他认为不需要的课程。他的编程水平丝毫不逊色于那些花了4年学习的大学毕业 生。他是一位蓝领程序员，但真实水平在很多白领程序员之上。很多人也可以为大学辩护，比如说程序员不仅仅要学会编程，还必须学会与人打交道，无用的课程可 以让你更好的与客户交流。这个问题在中国也很突出，大学毕业生没有职校学生技术娴熟，而打交道则是一种无法度量的技能，他们的就业率还不如职校毕业生。</p>','*SYSTEM','2010-02-14 23:10:09',NULL),('4028814826ccd9a90126cd07e2580084','1','观点：程序员要培养企业家式的能力','<p>昨天去参加了RIAMeeting组织的一次小型聚会，见了不少技术牛人，他们都有丰富的开发经验和技术体会，并且对于技术有精益求精的态度，让我 这个去蹭吃蹭喝的人觉得比较惭愧，也学习到了不少东西。在聚会结束的时候大家开始自我介绍，可以料想到：一个比一个谦虚、腼腆、不善表达和我在其它场合接 触到的大部分技术人员一样。这给了我一些触动，加上最近我也看了一些东西，就决定写这么一篇日志。由于它也是和技术有很大关系的，所以决定放在这个 Blog 上。</p>\r\n<p>上大学的时候我了解到有程序员这个职业，就是写代码的，不过在我毕业进入中国雅虎之后，我更喜欢工程师这个称谓（web developer 也可以叫做前端工程师或者UI工程师），因为这个名字总是能让我想起游戏《红色警戒》里面那个带着黄帽子拿着工具箱到处跑的角色，如果半路上不被敌军的狗 咬死就可以修好断桥和建筑，或者把敌军的建筑占领。我对工程师这个群体一直都抱有普遍的好感，他们低调、技术高超、真诚、单纯、有责任感，值得信任。和他 们在一起工作你会感觉特别舒服。记得刚入职的时候，我对Linux一点也不了解，有次碰到一个问题，正好旁边几个工程师在那里聊天，于是我就像他们求助， 他们过来之后一个人负责操作，其他几个在旁边七嘴八舌建议，不一会就把问题解决了，我当时就觉得特别有安全感，所以在以后的工作中遇到问题也没有特别着急 过，因为我知道我身边有很多牛逼的工程师，有他们在就没有什么问题是解决不了的。</p>\r\n<p>在工程师这个圈子呆久了，我发现大部分的人都有一个共同点，那就是不善表达，或者说懒得表达。在公众面前讲话会脸红，不能很好地表现自己，而且善于 表现自己其实会被认为是一个缺点因为大家都觉得有真才实学就好了，而且普遍信奉低调的做人哲学，那些善于表现的人会被说成很能忽悠。举个例子来说吧，李开 复应该算是一个很成功的人了，而且是技术出身，但是你会发现这几年很多人都对他有负面评价，说他不好好管理公司，整天跑去演讲、就是一个说书的、做秀云 云，都是针对他频繁出现在公众面前这件事情来说的，而且你会发现大部分的负面评价都是出自技术圈的。但是这种在公众面前演讲、推销自己其实是一种很重要的 能力，尤其是在现代社会，它是一种企业家式的能力。</p>\r\n<p>在现实生活中，无论是哪个圈子和团体，都会经常发现这样的例子：有一些很有才华的人在社会上始终不成功，相反，有一些资质平平的人却为自己挣得了不 错的地位和财产。为什么会出现这样的情形呢？一个重要原因是前者不善于经营自我，而后者善于。善于经营自我经常会被广大有真才实学的人鄙视，觉得那是钻营 和不务正业。事实上，正如《自由秩序原理》一书中所说的那样，这是一种企业家式的能力，而且 一个人的成功不是取决于自己既有的才能、知识、技术等等，而是取决于能否成功地将它们转换成对其他有能力做出回报的人有用的具体的服务，这正是自由社会的 本质之所在。</p>\r\n<p>如果真的是这样的话，那么由于每个人的企业家式的能力的不同，势必会出现能力相同的人获得的报酬却相差很大，引起很大的不满，而且每个人必须为自己 的才能去寻找市场，这就必然面临压力和风险。但是这种代价是必须的，为什么呢？因为如果不是根据使用才能的有用结果而是根据才能来决定报酬的话，那么就必 须有一个权威来判定每个人的才能大小和级别，这就必然导致专制。如果想替代那种对自己的命运负责而导致的压力，那么可供选择的就只有那种人们必须服从的个 人命令所产生的令人更为厌恶的压力。</p>\r\n<p>虽然我们这一代没有经历过计划经济、分配工作这些事情，不过应该也有所耳闻吧，那个时候每个人不必去营销自己，因为上级已经给你安排好了工作和报 酬，虽然说是根据你的能力进行的安排，但是里面必然掺杂了诸如个人恩怨等其它因素，那种不公平比现在的这种不公平要严重得多。尽管现在的市场经济也有不公 平的地方，因为它只承认在市场上得到实现的价值，但是我想相比之下大家应该都更讨厌专制吧。两害相权，只能取其轻。</p>\r\n<p>鉴于此，我很希望工程师可以抛弃一些偏见，虚心地去学习那种企业家式的能力：在公众面前讲话的能力、写文章的技巧等等，培养自己的一些市场意识，当然，这都是建立在真才实学的基础上的。如果没有真才实学而专门去推销自己的话，那真的是投机钻营了。</p>\r\n<p>最后我想说的是，其实很多技术人员因为性格使然，是很难学会这种企业家式的能力的，但是他们又确实有能力又踏实肯干，很多时候对于他们来说真的不太公平。所以如果以后有机会并且有钱的话，我很想创建一家让工程师有幸福感并且摆脱无力感的公司。</p>','*SYSTEM','2010-02-14 23:10:31',NULL),('4028814826ccd9a90126cd0892100088','3','思科称2014年视频将占据66%移动数据流量','2月11日消息，据国外媒体报道，思科公司多年来一直声称移动视频数据正处于爆炸性增长态势，如今思科公司预测到2014年，视频内容将占据所有移动数据流量的66%。<br />\r\n<br />\r\n思 科的预测基于对独立分析师的预测和真实数据使用习惯研究的汇总分析，其推断四年内运行于移动网络上的个人设备将超过50亿台。研究数据包括很多预计用来处 理大量视频数据的设备，如刚刚发布的苹果iPad。思科表示到2014年，智能手机和笔记本电脑无线网卡将驱动全球移动数据流量的90%。<br />\r\n<br />\r\n思科预计从2009年到2014年，单单移动视频的数量就将增至原来的66倍，而移动数据总流量将以每年108%的增长率递增，到2014年，移动数据总流量将达到每月3.6千兆兆字节（10的9次方GB）。<br />\r\n<br />\r\n思科称现在的移动宽带连接平均每月产生1.3GB的数据，相当于约650首MP3音乐文件的容量。而根据思科的预测，到2014年，移动宽带连接平均每月将产生7GB的数据，相当于约3500首MP3音乐文件的容量。','*SYSTEM','2010-02-14 23:11:15',NULL),('4028814826ccd9a90126cd091e52008c','4','MySpace宣布CEO范纳塔离职','<p>2月11日消息，据国外媒体报道，在担任MySpace的首席执行官职务不到一年后，MySpace公司CEO欧文范纳塔(Owen Van Natta)离职。</p>\r\n<p><img alt=\"\" src=\"http://news.csdn.net/a//uploads/2010/02/13/20100213-092803-pic1.jpg\" /><br />\r\n<br />\r\nMySpace母公司新闻集团在本周三的一份声明中宣布了这一消息，其职务暂时由迈克琼斯和贾森赫塞豪恩代替，被命名为联席总裁，他们必须把具体事务的报告交给新闻集团数字媒体部门董事长兼CEO米勒（Jon Miller）。<br />\r\n<br />\r\n在公司宣布离职消息后，纳塔表示：对我们已经完成的工作感到骄傲，并期待着公司继续取得不断的增长和成就。但他没有透露具体的离职原因。<br />\r\n<br />\r\n欧 文万纳塔是目前硅谷最抢手的数字高级管理人员。在担任MySpace首席执行官职务之前，他曾经在Facebook工作，在担任首席运营官职务之前还担任 过首席营收官（chief revenue officer）的职务。纳塔在2008年2月离开Facebook，希望跳槽担任CEO的职务。并最终在2009年4月如愿以偿的担任MySpace的 CEO。<br />\r\n<br />\r\n在当时，新闻集团数字媒体部门董事长兼CEO米勒对纳塔寄予厚望，并认为结合纳塔对社交网络的深刻理解和其敏锐的商业意识，再加 上MySpace的业务经验，MySpace可以获得更大的进步。MySpace曾经是世界上最大的社交网络，但是随着Facebook的壮 大，MySpace已经黯然失色。目前，Facebook的页面浏览量是MySpace的11倍（约为2600亿次页面浏览）。</p>','*SYSTEM','2010-02-14 23:11:51',NULL),('4028814826ccd9a90126cd098a7a008f','4','谷歌创始人布林：谷歌中国运营需要新模式','<p>北京时间2月13日早间消息，据国外媒体报道，谷歌联合创始人赛吉布林(Sergey Brin)周五在加州出席2010 TED大会时表示，希望找到让google.cn继续在中国运营的模式。</p>\r\n<p>我希望找到一种适应中国系统的模式，将信息带给用户，也许我们不会很快就成功，也许需要1或者2年。很多人认为我很天真，也许他们是对的，但如果我不是乐观主义者，就不可能在1998年建立一家搜索引擎。</p>\r\n<p>布林表示，谷歌一直以来的目标就是为中国用户的最大利益服务，他辩解说，谷歌进入中国市场为当地带来了很大的变化，因为当地竞争对手开始效仿谷歌。</p>','*SYSTEM','2010-02-14 23:12:19',NULL),('4028814826ccd9a90126cd09d2ae0092','4','微软将更新Windows 7激活技术以打击盗版','据国外媒体报道，微软全球正版Windows部门总经理乔威廉斯(Joe Williams)周四在微软正版Windows博客上撰文称，微软将在未来几天内为Windows 7的视窗激活技术(Windows Activation Technologies，简称WAT)发布更新。以下为文章全文：<br />\r\n<br />\r\n未来几天中，我们将为Windows 7的视窗激活技术发布更新，即Windows Activation Technologies Update for Windows 7，该更新可探测70多种已知及潜在的激活破解程序。激活破解程序有时被称为黑客程序，这种程序试图绕过或攻破Windows的激活技术。这一更新是微软 承诺为用户和合作伙伴提供安全性的进一步证据，将对用户PC上安装的Windows 7是否为正版作出判断，确保主要授权模块的完整性，从而为用户PC提供更好的保护。<br />\r\n<br />\r\n那么，激活破解程序会给用户带来什么风险呢？在互联网上搜索、下载或安装激活破解程序或盗版软件是很危险的，因为宣传这些盗版产品的网站经常含有恶意软 件、病毒和木马软件，它们与激活破解程序或盗版软件绑定在一起，或是直接植入其中。据市场研究公司IDC题为《获得及使用盗版软件的风险》 (The Risks of Obtaining and Using Pirated Software)的研究报告显示，在提供盗版软件的网站中，有四分之一试图在用户下载软件时，在其PC中安装用户不想要的或是恶意的代码，而且这一比例 正在上升中。<br />\r\n<br />\r\n德国防盗版解决方案供应商Media Surveillance最近下载了五百多种盗版Windows 7(和Windows激活破解程序)，发现其中32%含有恶意代码，这一数据令人感到烦恼，尤其是虑及某些经销商可能正在利用这些下载得来的盗版软件，来 宣称它们所销售的PC安装了正版Windows时更是如此。购买新PC的消费者应检查COA(正品标签)来确认其是否仅含有正版Windows系统，可以 通过访问微软How to Tell网站来观察正版COA的外观。<br />\r\n<br />\r\n这一更新可在所有版本的Windows 7上运行，但首先将在Home Premium、Professional、Ultimate和企业版上运行，用户可自2月16日起登陆microsoft.com/genuine网站 下载这一更新，自2月17日起在微软下载中心进行下载。本月晚些时候，该更新还将作为重要更新通过Windows Update提供给用户。<br />\r\n<br />\r\n虽然这一更新不会直接通过WSUS(Windows Server Update Services)提供，但WSUS管理员可以通过Microsoft Update目录将其引入WSUS。我要强调的是，这一更新是自愿安装的，这意味着当用户在Microsoft Update中看到这一更新时可以选择不安装。我还想强调指出，安装这一更新不会危及用户的隐私权；虽然该更新将连接微软服务器来检测用户PC是否受到我 在下文中罗列的最新威胁，但我们在这种检测中从用户PC那里所收到的信息不包括任何个人识别信息，或是任何微软能用于识别用户身份或联系用户的其他信息。 与微软提供的其他下载程序一样，这一更新严格遵循着同样的隐私权原则和政策。此外，用户还可在任何时间卸载这一更新。<br />\r\n<br />\r\n在运行问题上，一旦用户安装了该更新，那么这一更新就会识别可能对用户PC体验造成影响的已知激活破解程序，来为用户提供保护；如果发现任何激活破解程 序，Windows就将向用户发出警报，并提供解决问题的选择方案在很多情况下，用户只需点击几下鼠标即可解决问题。运行正版Windows 7软件且不存在激活破解程序的PC不会有任何反应，这一更新将在幕后安静地运行，来保护用户的系统；而如果Windows 7并非正版，那么Windows 7内置的通知系统将会显示信息对话框，提醒用户其操作系统不是正版，并为用户提供两种选择，一是获取更多信息，二是购买正版Windows；同时，用户 PC桌面的壁纸将变成黑色(桌面图标或快捷方式不会消失不见)。此外，这一更新还将通过定期提醒和桌面水印来为用户发出进一步的警报。<br />\r\n<br />\r\n很重要的一点是，用户Windows系统的功能不会因此下降，其应用程序还将如常运行，在获得个人信息方面不会有任何改变。这一更新周期性生效 (最初为每90天)，Windows将在有效期内下载最新签名，用于识别新的激活破解程序；当发现篡改、失效或丢失的授权文件时，这一更新将每周运行一次 检测并对其进行修补，来确保授权文件得到彻底修复。','*SYSTEM','2010-02-14 23:12:38',NULL),('4028814826ccd9a90126cd0a1fe40095','4','李开复成立创意工场发展基金募集1亿美元','<p>2月10日早间消息，据台湾媒体报道，台湾中华电信昨日宣布投资谷歌前全球副总裁李开复的创新工场(以下简称I-Work)及创意工场发展基金(以下简称IWDF)，其中，新成立的IWDF昨日因为中华电信参与投资而首度曝光。</p>\r\n<p>据了解，除了中华电、富士康董事长郭台铭、YouTube创始人陈士骏、联想投控董事长柳传志在投资创新工厂后，也同时投资IWDF之外，晶片大厂联发科、工研院，Yahoo创办人杨致远也都将加入，共同参与投资，其中，联发科以投资IWDF为主。</p>\r\n<p>据了解，李开复将于农历年后，亲自赴台宣布这项策略联盟，以及IWDF的投资伙伴、后续发展规划。</p>\r\n<p>IWDF准备募集1亿美元，资金分别来自中国台湾、大陆及美国，其中，台湾部份除了中华电信昨日公告，投资IWDF共计新台币2.925亿元之外，其它还包括首度曝光的联发科、工研院，大陆的新东方集团董事长俞敏洪、杨致远。</p>\r\n<p>中华电加计投资I-Work新台币3250万元，总计投资李开复新成立的IWDF及创新工场共计新台币3.25亿元。</p>\r\n<p>据了解，这项基金募集动作，除了李开复亲自拜会各投资伙伴外，主要由中经合集团董事长刘宇环操刀并负责后续基金管理。</p>\r\n<p>IWDF并决定在农历年后成立第一个公司，据了解，第一家公司将以发展移动互联网(Mobile Internet)为主，也因为所有移动互联网都会应用到智能手机等相关终端产品，因此，吸引联发科及富士康青睐，工研院也相当看好李开复未来发展创意公 司的后续发展，因此也决定投入资金。</p>\r\n<p>I-Work未来以扮演创新育成中心角色为主，并在IWDF后续陆续成立的新公司以技术股方式持有一定比例的股权；而IWDF除了即将成立第一个以 移动互联网为主的新公司之外，后续还会成立包括云计算及电子商务公司，根据李开复向投资伙伴透露，初期希望以1年5个新公司为目标，未来将以创意发展出 50家公司为目标。</p>','*SYSTEM','2010-02-14 23:12:57',NULL),('4028814826ccd9a90126cd21dbb200d8','1','周鸿祎：马化腾的成功在于打动人心','<p><span style=\"word-spacing: 0px; font-family: \'times new roman\'; font-style: normal; font-variant: normal; font-weight: normal; font-size: medium; line-height: normal; font-size-adjust: none; font-stretch: normal; text-transform: none; color: rgb(0, 0, 0); text-indent: 0px; white-space: normal; letter-spacing: normal; border-collapse: separate; orphans: 2; widows: 2;\" class=\"Apple-style-span\"><span style=\"font-size: 12px; line-height: 25px; font-family: 宋体,arial,sans-serif; text-align: center;\" class=\"Apple-style-span\"><a target=\"_blank\" href=\"http://datalib.tech.qq.com/people/89/index.shtml\" style=\"color: rgb(11, 59, 140); text-decoration: none;\"><img alt=\"\" src=\"http://news.csdn.net/a//uploads/2010/02/11/20100211-091953-pic1.jpg\" /></a></span></span></p>\r\n<p>文/周鸿祎(奇虎董事长)</p>\r\n<p>在互联网领域创业的人越来越多，但究竟怎样才能打造出一种成功的互联网产品，一直存在着理解的误区，也困扰着很多创业者。</p>\r\n<p>从我个人多年的实践中，我认为互联网产品有几个容易被忽视的特点：第一，<strong>互联网产品要有一个灵魂，要符合相关领域的游戏规则，能打动用户的心。</strong>如 果这一点没做好，产品外观做得再华丽，界面再漂亮、后台再强大，也很难成功。打动用户的心，这好像是废话，但也最质朴，很多产品其实不是在真正满足用户需 求，而是在发明或幻想用户需求，甚至逆着用户需求在做。像国内很多SNS网站都模仿Facebook，尽管很像，但都不太成功。</p>\r\n<p>第二，<strong>互联网产品需要不断运营、持续打磨，好产品是运营出来的，不是开发出来的。</strong>而传统的软硬件产品都有个物化 的载体，不可能经常改，比较稳定。互联网产品的本质是服务，就是通过某种形式的桥梁和窗口把服务传递给用户，由于用户的需求不断在变，产品就要随时调整。 早些年微软的Windows XP比较成功，因为在传统软件时代，用户需求不多，厂商很容易能了解到；到了互联网时代，闭门造车出来的Vista就不可避免的失败，用户需求变化太快 了，厂商对此没有把握。</p>\r\n<p>像Google所有的产品，每过一段时间都会有小的改变，这是做互联网产品的思路：<strong>产品一定是让人去用的，不断根据用户反馈去修正。现在很多人都在讲 以用户和市场为中心，但实际上还是以公司为中心。这种出发点必然决定失败的结局。</strong></p>\r\n<p>我认为自己做客户端的资历比马化腾要深，但如果真的做一个IM产品，在产品细节和技术上可能比他做得好，但很难比他成功。我们俩的背景不一样，我做 传统软件出身，而腾讯的创业团队是从做传呼的润迅出来的，之前就在做服务，这一点给了马化腾很大的帮助。这是一个分水岭，马化腾很早就掌握了互联网产品的 规律，把它当成服务来做，持续改进。</p>\r\n<p>无论你的想法高明与否，我认为都不如用户的选择高明。有了任何想法，不要奢望做到完美再推向市场，不如先简单地做出一点点，就拿到市场上做实验，一 旦对了就迅速跟进，一旦不对，调整的成本也很低。把用户作为试金石，集小胜为大胜。腾讯今天非常成功，它的商业模式难道是马化腾一天想出来的吗？肯定不 是，最初就是一个简单的聊天工具，打动了用户的交友需求。</p>\r\n<p>如果你掌握了互联网产品的规律，可能你不用太多的人力，只要瞄准用户的需求点，同时在技术开发方面，采用<strong>小步快跑，循序渐进，不断试错</strong>的思路，我觉得就有可能会超过大公司。</p>','*SYSTEM','2010-02-14 23:38:53',NULL),('4028814826ccd9a90126cd22801000db','1','周鸿祎：马化腾的成功在于打动人心','<p><span class=\"Apple-style-span\" style=\"word-spacing: 0px; font-family: \'times new roman\'; font-style: normal; font-variant: normal; font-weight: normal; font-size: medium; line-height: normal; font-size-adjust: none; font-stretch: normal; text-transform: none; color: rgb(0, 0, 0); text-indent: 0px; white-space: normal; letter-spacing: normal; border-collapse: separate; orphans: 2; widows: 2;\"><span class=\"Apple-style-span\" style=\"font-size: 12px; line-height: 25px; font-family: 宋体,arial,sans-serif; text-align: center;\"><a style=\"color: rgb(11, 59, 140); text-decoration: none;\" href=\"http://datalib.tech.qq.com/people/89/index.shtml\" target=\"_blank\"><img src=\"http://news.csdn.net/a//uploads/2010/02/11/20100211-091953-pic1.jpg\" alt=\"\" /></a></span></span></p>\r\n<p>文/周鸿祎(奇虎董事长)</p>\r\n<p>在互联网领域创业的人越来越多，但究竟怎样才能打造出一种成功的互联网产品，一直存在着理解的误区，也困扰着很多创业者。</p>\r\n<p>从我个人多年的实践中，我认为互联网产品有几个容易被忽视的特点：第一，<strong>互联网产品要有一个灵魂，要符合相关领域的游戏规则，能打动用户的心。</strong>如 果这一点没做好，产品外观做得再华丽，界面再漂亮、后台再强大，也很难成功。打动用户的心，这好像是废话，但也最质朴，很多产品其实不是在真正满足用户需 求，而是在发明或幻想用户需求，甚至逆着用户需求在做。像国内很多SNS网站都模仿Facebook，尽管很像，但都不太成功。</p>\r\n<p>第二，<strong>互联网产品需要不断运营、持续打磨，好产品是运营出来的，不是开发出来的。</strong>而传统的软硬件产品都有个物化 的载体，不可能经常改，比较稳定。互联网产品的本质是服务，就是通过某种形式的桥梁和窗口把服务传递给用户，由于用户的需求不断在变，产品就要随时调整。 早些年微软的Windows XP比较成功，因为在传统软件时代，用户需求不多，厂商很容易能了解到；到了互联网时代，闭门造车出来的Vista就不可避免的失败，用户需求变化太快 了，厂商对此没有把握。</p>\r\n<p>像Google所有的产品，每过一段时间都会有小的改变，这是做互联网产品的思路：<strong>产品一定是让人去用的，不断根据用户反馈去修正。现在很多人都在讲 以用户和市场为中心，但实际上还是以公司为中心。这种出发点必然决定失败的结局。</strong></p>\r\n<p>我认为自己做客户端的资历比马化腾要深，但如果真的做一个IM产品，在产品细节和技术上可能比他做得好，但很难比他成功。我们俩的背景不一样，我做 传统软件出身，而腾讯的创业团队是从做传呼的润迅出来的，之前就在做服务，这一点给了马化腾很大的帮助。这是一个分水岭，马化腾很早就掌握了互联网产品的 规律，把它当成服务来做，持续改进。</p>\r\n<p>无论你的想法高明与否，我认为都不如用户的选择高明。有了任何想法，不要奢望做到完美再推向市场，不如先简单地做出一点点，就拿到市场上做实验，一 旦对了就迅速跟进，一旦不对，调整的成本也很低。把用户作为试金石，集小胜为大胜。腾讯今天非常成功，它的商业模式难道是马化腾一天想出来的吗？肯定不 是，最初就是一个简单的聊天工具，打动了用户的交友需求。</p>\r\n<p>如果你掌握了互联网产品的规律，可能你不用太多的人力，只要瞄准用户的需求点，同时在技术开发方面，采用<strong>小步快跑，循序渐进，不断试错</strong>的思路，我觉得就有可能会超过大公司。</p>','*SYSTEM','2010-02-14 23:39:35',NULL),('4028814826cd22f80126cd2393070011','1','盖茨评iPad：一款好的阅读器 但非革命性产品','北京时间2月11日消息，据国外媒体报道，平板电脑一直是微软联合创始人、董事会主席比尔盖茨（Bill Gates）的梦想之一。不过苹果最新推出的平板电脑iPad，却并未给盖茨留下深刻的印象。<br />\r\n<br />\r\n盖 茨日前在接受BNET商业英才网采访时表示，iPad既不是一款神奇的设备，也不是一款革命性的设备。他说，众所周知，我是触摸和数字阅读技术的忠实信赖 者。但是我同时还认为，这还应当加入语音、手写笔和真正的键盘。换句话说，上网本才将是市场上的主流。盖茨还表示，iPad是一款好的阅读器产品，但它并 未向iPhone一样给他本人留下深刻印象。<br />\r\n<br />\r\n盖茨在2001年11月11日曾表示，平板电脑将采用先进PC技术，出现在用户想要其出现的任何地方。这是我为何早已使用平板电脑作为常用电脑的原因。平板电脑是一款虚拟上没有限制的电脑。我预计在五年时间里，它将成为美国销量最佳的PC产品。','*SYSTEM','2010-02-14 23:40:45',NULL),('4028814826cd22f80126cd2434190014','1','英特尔寄望AppUp Center得到开发者支持','英特尔公司将会在即将到来的移动世界大会（Mobile World Congress）上展示为上网本和移动设备专门设计的几款应用程序，该公司还计划推出一个软件开发项目，旨在丰富其AppUp Center应用程序商店的应用程序数量。根据该公司网站的一篇博客报道说，英特尔计划在其展台上展示几款为上网本和移动设备专门设计的应用程序，公司的 几位高层希望用其Atom Developer Program计划得到开发者们的支持。<br />\r\n<br />\r\n据悉，英特尔上网本应用程序策略的核心就是 AppUp Center，这是一个和苹果的App Store和谷歌的Android Market相类似的应用程序商店，并已经处于开发当中了。英特尔目前正在寄希望于开发者们能够为上网本和其他移动设备（英特尔称之为移动互联网设备，一 种小屏幕手持设备）设计出专门的免费或者付费程序。<br />\r\n<br />\r\n据了解，博客中提到的八款应用程序中，包括 Fring，PopCatcher，Fanomena，以及Fluoh等四个此前都没有公布过，均由此前声援支持AppUp Center的开发者们设计制作的。剩余四个程序粪便是视频编辑软件JayCut，图像浏览器PhotoFlow，Last.fm网站客户端 Vagalume，以及基于内置上网本摄像头的应用程序EyeSight，该软件可以让用户通过手势来控制设备和应用程序。','*SYSTEM','2010-02-14 23:41:26',NULL),('4028814826d05abf0126d05ca4400019','2','摩尔庄园儿童生意密码:“四不像”为什么能成长','<p style=\"text-align: center\"><img height=\"350\" alt=\"\" src=\"http://news.csdn.net/a//uploads/2010/02/11/20100211-094344-pic1.jpg\" width=\"286\" /></p>\r\n<p style=\"text-align: center\">摩尔庄园：儿童生意密码</p>\r\n<p>一款难以清晰定义的四不像产品，如何成为千万低龄儿童的虚拟乐园？创始人的理念，公司的产品、运营、服务等种种细节，以及足以振奋创意产业的启示</p>\r\n<p>采访 | 《创业家》记者 张凯锋 《创业家》特约顾问 程苓峰</p>\r\n<p>编辑 | 程苓峰</p>\r\n<p>摄影 | 裴永宅</p>\r\n<p>策略篇：四不像为什么能成长</p>\r\n<p>实操篇：快乐工厂</p>\r\n<p>鸟瞰篇：内核繁殖</p>\r\n<p><strong>四不像为什么能成长</strong></p>\r\n<p>QQ宠物、盛大游戏、开心网、喜羊羊和灰太狼以及迪士尼都是摩尔的潜在对手，但这恰恰是其所以能快速崛起的原因</p>\r\n<p>文 | 《创业家》特约顾问 程苓峰</p>\r\n<p>在近两年快速崛起的传媒产业新贵里，也许你已经听说过很多次摩尔庄园，但你能否不假思索地给它一个干脆明确的定义？举例说明，开心网是SNS，4399是网页游戏，优酷是视频分享，喜羊羊是动画片。但摩尔是什么？SNS，社区，游戏还是动画连续剧？</p>\r\n<p>这正是摩尔庄园在区区2年里就崛起的原因：你不能清楚定义它是什么，不能用传统的业态去衡量。它是一个四不像，兼收并蓄，所以自成一体。它比所有人都少一点，也比所有人都多一点。它没有对手。</p>\r\n<p>摩尔当然是一款SNS。小朋友们可以在这里交到朋友，保持联系，和老朋友和新朋友一起待在某个私密的房子里谈天说地。就像开心网一样。</p>\r\n<p>摩尔当然是一款网络游戏。小朋友们要在这里完成一些设定的任务，积累下一定的虚拟货币，再去购置好看的衣衫，给宠物买一点食物。就像QQ宠物一样。</p>\r\n<p>摩尔当然是一个动画连续剧。这里每一周都会有剧情的更新，比如圣诞或者寒假的临近，而不必像大型网游要等上一年半载才有新资料片发布。小朋友们每一周都会像看连续剧一样去期待新故事的揭幕。就像喜羊羊和灰太狼一样。</p>\r\n<p>摩尔当然是一个卡通品牌。作为摩尔形象的红鼻子小鼹鼠，已深入小朋友的内心世界以及他们的现实生活，这只小鼹鼠已经出现在某些品牌的牛奶、学习机、课本、书包上面。小朋友们愿意为这个小鼹鼠买单，而蒙牛和诺亚舟们愿意为这些小朋友买单。就像迪士尼制造的米老鼠一样。</p>\r\n<p>任何单一形态的产品或者模式，都不具备摩尔这样的全面的特性。所以任何既有业态的玩家们，都没有预见到，也因此没能阻挡住摩尔的快速崛起。抛给摩尔缔造者、上海淘米公司CEO汪海兵这样一个问题：QQ、盛大、开心网、喜羊羊和灰太狼、迪士尼，按照它们与摩尔的竞争程度排一个序，你如何排？</p>\r\n<p>汪海兵没接招。他用了典型的外交辞令：很难说。他们今天都还不是我的竞争对手，但明天都可能成为我的竞争对手。但汪海兵至少承认了一个至为关键的前提：摩尔的潜在对手名单实在太长。正因为其四不像风格，导致了它的四面树敌，处于夹缝之中。</p>\r\n<p>接下来，可以切入关于摩尔的核心问题：摩尔为什么是一只四不像？四不像的产品形态和商业模式，是那个最原始的原因还是某个原因带来的结 果？</p>\r\n<p>当然是结果。用一个相反的逻辑就可以证明：如果分别把SNS、网络游戏、动画片等产品形态的特点分离出来，组合成另一个四不像或者八不像，这个产品能否像摩尔一样成功？</p>\r\n<p>缺乏一个一以贯之的精神内核，另一个四不像成功的可能性极低。</p>\r\n<p>所以必然有一个直接或者间接导致这个四不像产品诞生的原因。正因为有这个初始的原动力，才能令汪海兵和他的团队以一条清晰的逻辑和一个直板的标准为核心，动手挖掘各种产品形态的特点，加以组装和融合，最后呈现出一个新的物种：摩尔庄园。</p>\r\n<p>这个初始的原因，就是汪海兵在创立淘米公司的那一刻做出的一个决定：做儿童市场，并且带给他们快乐。</p>\r\n<p>这是来自对一个空白市场的判断。2007年还没有一个专门针对儿童的网络产品，儿童被当成大人一样对待，他们只能勉为其难去玩《魔兽世界》。并且即便是儿童，也正在经受着长辈和社会传递来的现实世界的压力。他们需要快乐。于是，从腾讯离职的三人团队在2007年创立淘米时有了这样一个原始定位：带给儿童快乐。无独有偶，从新浪离职的程炳皓也在2007年创立了一个要带给都市白领快乐的网站，它的名字还更为直接，就叫开心网。</p>\r\n<p>汪海兵的精明或者幸运体现在：针对儿童的独特定位，确实迫切需要一个与现存产品差异极大甚至是截然相反的设计和功能。这就要求一个全新形态的产品的创新。差异越大，这款产品就越另类，从竞争和模仿的角度讲，公司就越安全，崛起就越快速和现实。</p>\r\n<p>举两个例子来简单体会一下儿童与成人的差别。</p>\r\n<p>在QQ宠物或者开心网里，人们是不在意他的猫猫狗狗吃蛋糕时，到底是在地上还是在床上的。但在摩尔庄园，小朋友们会对狗狗在床上吃蛋糕而愤慨，因为那太不讲卫生了。吃蛋糕必须在地上，这是摩尔庄园独有的用户需求。</p>\r\n<p>成人世界里，痛苦和快乐的体验都必须深刻。但在儿童世界，教训和快乐的体验都应该是轻松的，点到为止的。成人不要别人的管束，但儿童必须处于照看之下。所以每隔45分钟休息，晚12点关闭服务器，每周四晚上升级以应对周五下午的儿童上网高峰。这也是摩尔独有的。</p>\r\n<p>这样的细节清单很长。在汪海兵眼里，这些体现儿童和成人差异的产品设计，属于颠覆性创新。也就是：传统经验对于服务于一个新群体没有帮助反而有害。它们综合在一起的结果就是：摩尔庄园既吸收网游的某些元素，也必须颠覆掉传统网游的某些特性；摩尔既具备动画连续剧的本质，也必须对之做相应的改变以适合网络互动；摩尔既是一款SNS，但却不得不淡化处理陌生交友的功能；摩尔既可大大方方对虚拟物品收费，但却必须克制欲望，转而通过品牌授权从牛奶和学习机的销售中获取主要的收益</p>\r\n<p>一切都因这个独特的定位而发生，乍一看起来很诡异，而在当事者自己确实自然而然。这就是摩尔的秘密：A，定位到一个足够狭窄和独特的领域。首先是儿童，这是横向定位；其次是给予他们快乐而不是帮助他们学习，这是纵向定位。B，为这个定位而做出所有的借鉴甚至是抄袭，以及所有的改变以及创新。</p>\r\n<p><strong>快乐工厂</strong></p>\r\n<p>摩尔庄园以快乐为内核，以互联网为路径，向儿童文化娱乐领域渗透。目前为止，它非常成功</p>\r\n<p>文 | 《创业家》记者 张凯锋</p>\r\n<p>30岁的汪海兵刚刚领了结婚证，但他早已经预定了自己作为好父亲的角色：在为中国两亿儿童创造快乐的梦想中，无疑也包括他未来的孩子。</p>\r\n<p>目前来看，这个梦想有个良好的开头。自2008年4月推出《摩尔庄园》以来，已经有3000万用户注册，其中绝大多数是6~14岁的儿童，他们在这个虚拟的网上乐园里，玩各种小游戏、聊天、穿漂亮的衣服、打扮自己的小屋，或者向丝姐姐、米奇哥哥倾诉喜怒哀乐。</p>\r\n<p>互联网从不缺乏迅速崛起的明星公司，但淘米公司是第一家明确提出做儿童娱乐的公司。汪海兵试图以快乐为内核，以互联网为路径，向儿童文化娱乐渗透。它的终极目标是网络迪斯尼，而途中一定会遇到喜羊羊、QQ宠物以及同样有过网络迪斯尼梦想的盛大等重量级对手的劫杀。淘米能走多远？</p>\r\n<p>摩尔庄园是汪海兵第三次从零开始创建的一个产品。2000年，大二学生汪海兵搭建了华中科技大学的门户网站华中大在线。2005年，加入腾讯不到一年的汪海兵担任QQ宠物项目总监并获得成功，正是在这个过程中，他发现中国的儿童互联网市场仍然一片空白，并于2007年10月与两位腾讯同事程云鹏、魏震共同创建淘米，此后两年的发展证明了这个市场的潜力。</p>\r\n<p>创始人的腾讯工作经验为淘米奠定了基础，而这个年轻团队摸索出的一套让妈妈放心，孩子欢喜的独特心法是其崛起的秘密。</p>\r\n<p style=\"text-align: center\"><img alt=\"\" src=\"http://news.csdn.net/a//uploads/2010/02/11/20100211-094756-pic1.jpg\" /></p>\r\n<p style=\"text-align: left\">摩尔的核心创始成员，CTO魏震（左）、CEO汪海兵（中）、COO程云鹏（右）三个人都是从腾讯出来的中层，他们继承了腾讯的基因</p>\r\n<p><strong>改变用户习惯，就是颠覆</strong></p>\r\n<p>每周四晚是摩尔庄园更新版本的时间，关闭服务器的时间从平时的12点提早到10点，这也是汪海兵每周最忙的时候：上传新版本，然后检查、调试、修补可能出现的漏洞，作为摩尔庄园的创造者，他要确保周五早晨服务重启时万无一失，这是一项需要耐心的工作，等一切更新完毕，往往已经周五清晨。</p>\r\n<p>6点，服务器启动，用户登录时会发现，摩尔庄园的故事已经翻开了新的一页。此时汪海兵才会回去休息，他应该睡得不错。因为周五傍晚和周六日，涌进庄园的小朋友们都会找到新的乐趣。举个例子吧：</p>\r\n<p>圣诞将至，圣诞老人却被绑架了。如果不去解救，所有人都将不会收到圣诞礼物，对摩尔庄园来说，这是一个巨大的危机。</p>\r\n<p>你，庄园里的一名普通摩尔，踏上了去解救这个危机的道路。来到摩尔拉雅山顶，用雪球砸晕捣蛋鬼，进入圣诞城，用吸铁石在瞌睡虫身上拿到钥匙，进入圣诞屋，回答小博士的问题，得到唤醒药水，通过开心果给的小游戏，拿到神秘基地的钥匙，然后用药水唤醒圣诞老人，找到圣诞老人的衣服。</p>\r\n<p>圣诞老人起床后，告诉你被绑架的原因，原来人们已经忘了圣诞节的含义是爱和给予，而只是索取礼物，捣蛋鬼们希望通过绑架圣诞老人，让所有人过一个没有礼物的圣诞节，从而理解圣诞节的真正含义。当你明白了这个含义，自然会给你的朋友制作并送去圣诞节的礼物。</p>\r\n<p>最终，你拯救了圣诞城的危机，并且明白了圣诞节的意义。</p>\r\n<p>这就是摩尔庄园的圣诞节任务，它符合儿童的知趣与心性，也不难完成。这种任务每周都会有更新，但新内容并不太多，任务通常一两个小时就可以完成。但对于6至14岁的儿童，已经有足够并且适当的吸引力。</p>\r\n<p>成人玩游戏往往追求的是刺激性，而孩子对于快乐的诉求是轻量级、快节奏的，他很容易觉得这个很好玩，但很快就会失去兴趣。汪海兵说，所以我们才会选择每周都更新，不断有新剧情出现。这种周四到周五例行的版本更新已经持续近2年，从摩尔庄园注册用户数不足百人，到突破3000万，从未改变。</p>\r\n<p>中国的互联网用户具有明显的低龄化特征，网民中的青少年比例极高。CNNIC报告显示，到2009年6月30日，中国3.38亿网民中有33%是10至19岁的青少年。但长期以来几乎没有专门针对儿童的网络服务，有超过1亿的青少年面对的是一个针对成人设计的网络世界。这自然会产生社会问题，而汪海兵则认为，这更是个商业机会。</p>\r\n<p>QQ用户群本身就以青少年为主，主要分布在15~25岁之间，而14岁以下的用户比例较低。但中国的用户绝对数量很大，即便是所占比例较小，仍然是一个大市场。以QQ宠物为例，14岁以下的儿童用户的比例约占10%，并且增长空间很大。</p>\r\n<p>但儿童上网是个敏感的社会问题。中国的妈妈怎么会让自己的孩子上网呢？网上乱七八糟什么东西都有，怎么能让孩子去看呢？汪海兵创业初期，不被所有人看好。</p>\r\n<p>韩国小学生的上网比率是98%，4岁小孩上网的比率是80%，为什么中国的孩子不能上网？现在的孩子拿鼠标的时间甚至要早于拿铅笔的时间。 汪海兵相信，中国的儿童上网趋势不可避免，在做摩尔庄园之前，中国的孩子在互联网所能得到的绿色健康的服务可以说没有，唯一存在的是小游戏，玩单机版的小游戏。</p>\r\n<p>2007年9月，他和另外两位腾讯的同事程云鹏、魏震同时辞职开始创业，汪海兵担任CEO，主管产品和战略，程云鹏为COO，主管行政和市场销售，魏震为CTO。最初他们设定的目标用户是3~6岁的幼儿，但企鹅俱乐部(Club Penguin)改变了他们的想法。这个2005年10月在美国推出的在线虚拟社区，以企鹅为形象，玩家可以在里面玩各种小游戏，与其他玩家聊天，会员需要每个月支付5.95美元，从而获得更多的家具和服装。这个虚拟社区一经推出就获得了极大的成功，2007年7月被迪斯尼以7亿美元收购。</p>\r\n<p>其实，摩尔庄园就是对企鹅俱乐部的模仿。用最简单的眼光看，摩尔庄园大致可以看做一个集合了各种小游戏的虚拟社区，除了每周更新的剧情任务，还有开心农场、泡泡龙、拼图、找茬、连连看、俄罗斯方块、黄金矿工等经典游戏，以及一些原创小游戏，比如骑士卡牌、经营餐厅等等，很难看到摩尔庄园有什么颠覆性的独特创新。</p>\r\n<p>而汪海兵却相信，这就是一款革命性的产品。摩尔庄园为什么从根本上得到孩子们的欢迎？实际上是颠覆了中国儿童通过互联网获取到健康快乐的方式。</p>\r\n<p>儿童上网最主要的活动是用QQ聊天，上百度搜作业，玩各种小游戏。如果说摩尔庄园在小游戏的玩法上有所改变，那就是将分散的小游戏集合到了一个虚拟社区。在这个虚拟社区里，除了玩游戏，还可以打扮自己、装饰小屋，更可以和朋友一起玩。看起来很简单，是不是？汪海兵自问自答，但摩尔庄园诞生之前，小朋友们就是不能在一个公园里走一走看一看，然后和几个人一起玩小游戏，他只能在一个古板页面上选中一个图标然后开始独自玩小游戏。这就是颠覆不是对技术的颠覆，而是对某一个群体行为习惯的彻底改变。</p>\r\n<p>关于这种仅在游戏玩法上有所突破所带来的商业价值，有一个参考案例。1996年，任天堂发布7年的掌上游戏机Gameboy经过最初的流行后开始没落，但一款名为《口袋妖怪Pokemon》的新游戏却彻底改变了这一状况。这是一款宠物妖怪养成类的游戏，其最大特色是玩家可以联机对战，并且可以交换、分享彼此的宠物妖怪。在此之前，几乎所有的Gameboy都不具备这一独特玩法，尽管Gameboy的通信功能早就存在。这一个卖点改变了Gameboy的命运，其后口袋妖怪诞生了无数后续的游戏、漫画、动画以及其他衍生品，在全球玩家中都拥有极大的影响力，至今的销售额达数十亿美元。</p>\r\n<p>摩尔庄园会是另一个口袋妖怪吗？不妨看一组数据，摩尔庄园之前，儿童主要去一些小游戏网站玩，其中最大的是李兴平创建、蔡文胜力挺的4399。2008年6月，其百度指数(百度根据用户搜索量为基础推出的网站关注度)是11万，摩尔庄园当时刚推出，为0。到2009年8月，两者的百度指数基本相等，都是20万。这表示，有颠覆性玩法的摩尔庄园的增长速度要远高于4399。</p>','*SYSTEM','2010-02-15 14:41:57',NULL),('4028814826d500e10126d505ac92001f','3','Android之父：Next One的创新在于销售模式','<p>Google工程副总裁、Android之父Andy Rubin出席了正在巴塞罗那举行的2010全球移动大会，期间他接受了英国《卫报》记者的简短采访。他也是Google内部不顾业界阻力，坚持发布自有 品牌Nexus One的人。而且在Nexus One销售不佳的情况下，仍然坚持继续生产后续系列。与iPhone首月销售60万部，Motorola Droid（也是基于Android）销售超过50万部相比，Nexus One只销售了8万部。</p>\r\n<p><strong>Q：对多家运营商</strong><a href=\"http://news.csdn.net/a/20100216/217037.html\"><strong>共同发起的统一移动软件平台</strong></a><strong>你怎么看？</strong></p>\r\n<p><strong>A：</strong>我很怀疑移动运营商自己创建软件平台能否成功。人们一直有一个梦想，能够编写一次，到处运行，但是历史已经证明，这个梦想无法完全实现。我对未来能否实现也表示怀疑。我希望负责WAC平台的人能够足够深入地理解实现这一承诺的技术，因为这是一个极大的承诺。</p>\r\n<p><strong>Q：现在的平台是不是已经太多了？</strong></p>\r\n<p><strong>A：</strong>的确是。平台太多了。我们从Android认识到，<strong>应用软件商店应该是与平台而非某个运营商关联的</strong>。RIM和iPhone都是如此，因为开发人员需要聚焦于一种技术。但是我要强调，这并不意味着运营商就出局了。我们是一个生态系统。Google并不是要全拿，那不是我们的商业模式，我们的商业模式是做广告。所以，我们很高兴运营商、设备厂商和第三方开发人员参与进来。</p>\r\n<p>&nbsp;</p>\r\n<p><strong>Q：Google今年开发自有品牌的手机Nexus One，为什么呢？</strong></p>\r\n<p><strong>A：</strong>Nexus One是系列中的第一款手机，还会有Nexus Two和 Nexus Three。我们与宏达电（HTC）的协议不是独家的，因此新手机可能由任何制造商生产。</p>\r\n<p>但是，这里真正的创新是在网上商店销售手机。<strong>Nexus One真正重要的意义是，创造了一种新的销售手机的模式。</strong>现在Google可以采用这种方式发布新产品了。当Nexus Two出来的时候，我们把它放在网站上，它就可以立即走向在我们系统中的全世界所有运营商。</p>','*SYSTEM','2010-02-16 12:25:03',NULL),('4028814826d500e10126d50602240022','3','诺基亚与Intel结盟：Moblin+Maemo->MeeGo！','<p><img alt=\"\" src=\"http://i.i.com.com/cnwk.1d/i/bto/20100214/meego-logo-2-small.jpg\" /></p>\r\n<p>在2010世界移动大会召开的同时，之前被报道将缺席大会的诺基亚却选择在大会会场附近举办了一场盛大的发布会。发布会上，诺基亚和Intel的两位高层宣布，将双方基于Linux的开源移动软件项目Moblin和Maemo合并为一个新的平台，名为<strong>MeeGo</strong>。同名网站www.MeeGo.com也已经上线。</p>\r\n<p>目前，MeeGo针对的平台包括上网本和入门级桌面电脑，手持计算和通信设备，车内信息娱乐设备，网络电视，多媒体电话，但将继续支持更多平台。</p>\r\n<p>按官方网站的说法，MeeGo主要特性包括：</p>\r\n<p>1. 性能优化和功能，以支持图形和计算密集的软件和服务开发。</p>\r\n<p>2. 互联网标准的完整支持，提供最佳Web体验。</p>\r\n<p>3. 基于Qt的易用、灵活和强大的UI/应用开发环境。</p>\r\n<p>4. 最新的Linux组合，为各种小资源平台和移动设备进行优化，保证广泛的兼容性。</p>\r\n<p><img alt=\"\" src=\"http://meego.com/sites/all/files/users/u6/MeeGo-Arch.png\" /></p>\r\n<p>而从MeeGo的架构图和相关资料来看，MeeGo实际上分为三层：由Moblin的内核为主的OS基础层，Qt和其他服务构成的中间层，以及针对 不同设备的用户体验层。此外，为MeeGo开发的软件和服务还可以通过Intel的AppUp Center和诺基亚的Ovi Store下载和销售。</p>\r\n<p>在兼容性方面，硬件上MeeGo不仅支持Intel的芯片，也将支持ARM架构；软件方面，原有的Moblin和Maemo应用都可以直接运行在MeeGo上，而MeeGo应用重新编译就可以在Symbian和其他Linux平台上运行。</p>\r\n<p>诺基亚表示，自己的手机主要软件平台仍将是Symbian。MeeGo将更多针对其他设备。</p>\r\n<p><strong>【CSDN观察】</strong></p>\r\n<p>MeeGo其实是诺基亚和Intel去年6月宣布的长期合作计划的一部分，也是Intel从PC芯片厂商向更广阔和更有前景的移动设备市场转型的重要标志。由于诺基亚的影响力，这次合作显然对Intel非常有利。</p>\r\n<p>诺基亚对Symbian的强调表明，它仍在操作平台上举棋不定。但随着话音功能让位于更多其他软件应用，移动电话和其他设备之间的界限将不复存 在，Symbian在吸引软件开发者方面很有可能无法与泛Linux平台抗衡。诺基亚与芯片执牛耳的Intel的合作，以及在MeeGo上留的后手，将为 自己保留很大的腾挪空间。从这一点来说，合作对诺基亚也颇具意义。</p>\r\n<p>当然，<strong>MeeGo的推出，最大的赢家其实是Linux和开源社区</strong>。MeeGo项目本身将由Linux创始人Linus Torvards所在的Linux基金会负责管理。而且有意思的是，连www.MeeGo.com这个域名都是Linux基金会的执行总监Jim Zemlin 1999年注册的。</p>\r\n<p>目前移动操作系统有力的竞争者，是风头最劲的iPhone和Android，以及因为新版本有很大改进恢复竞争力的Windows Mobile。Android虽然基于Linux，但是由于Google严格控制和其他策略，实际上已经开始从Linux分离出去，至少无法成为令人完全 信任的开源平台。开源社区急需一个有号召力而且有望成为主流的移动平台。MeeGo的诞生恰逢其时。</p>\r\n<p>正如<a href=\"http://www.linux.com/news/featured-blogs/158-jim-zemlin/286723-bringing-the-magic-to-linux-with-meego-\">Jim Zemlin的文章</a>中 所说，十年前，IBM, Intel, HP, NEC和富士、日立等公司共同在企业级Linux上投入开发和营销资源，使Linux异军突起，完全改变了企业级操作系统的版图。他很高兴现在诺基亚和 Intel认识到开放的价值，相信最大的手机厂商和最大的芯片制造商的结盟，会吸引更多厂商和社区成员，以真正开放的方式加大移动Linux上的投入，很 有希望重复辉煌历史。在Linux基金会的领导下，MeeGo项目的成果能够为各种Linux移动系统包括Android、Palm WebOS、三星bada、ChromeOS所共享，极大地推动整个Linux生态链发展。对于不想被单一厂商锁定的移动运营商，对于想在各种设备类型都 提供独特用户体验的硬件制造商，对于想以低成本上网的用户，MeeGo都是好消息。</p>','*SYSTEM','2010-02-16 12:25:25',NULL),('4028814826d500e10126d50641020025','3','Adobe宣布推出Android版AIR和Flash 10.1','<p>2月15日消息，据国外媒体报道，今天Adobe在世界通信大会上正式宣布了推出Android版Adobe AIR和Flash Player 10.1版本，他们用一台MOTO Droid演示了这款嵌入式播放器和移动应用平台。</p>\r\n<p>这些技术将为手机应用程序开发带来巨大的变革。开发者开发一个iPhone应用程序后可通过Adobe AIR.部署到其他类型手机，省却了改写的麻烦；并且可以用相同的代码交付到其它系统甚至是PC，因此拥有非常强的灵活性。</p>','*SYSTEM','2010-02-16 12:25:41',NULL),('4028814826d500e10126d50697400028','3','历程回顾：YouTube 5周年','<p>2月15日消息，美国著名IT网站PC World 发表文章，在YouTube成立五周年之际，回顾该网站迅速增长的历程，并分析了YouTube对美国民众生活产生的深远影响。</p>\r\n<p>文章摘录如下：</p>\r\n<p>YouTube成立已届五年，按照互联网标准，已经是一个成熟的网站。这五年来，网站的狂飙突进不仅使其自身成长为行业巨头，还深深地影响了我们的生活、娱乐和经营方式。</p>\r\n<p>下面来我们来看看YouTube的蓬勃发展是如何改变了我们的日常生活的，从让普通人一夜成名，到人人可以开办频道、报道新闻，再到大选中的候选人辩论，YouTube的影响力无处不在。</p>\r\n<p><strong>消费者投诉</strong></p>\r\n<p>YouTube往往通过帮助消费者而改变企业从事经营的方式。很明显，上传一段投诉视频，可以对公司造成相当大的压力，从而显著增加得到妥善处理的几率。</p>\r\n<p>加拿大音乐家Dave Carroll就是一例，他的吉他被美联航（United Airlines）搬运工损坏，要求赔偿还遭到拒绝。一怒之下，他制作了音乐视频《美联航弄坏吉他（United Breaks Guitars）》并上传到YouTube，该区迅速红遍全球。美联航马上改变了态度，如数赔偿其1200美元维修费用</p>\r\n<p><strong>定罪证据</strong></p>\r\n<p>曾几何时，犯罪人只担心自己的非法行为被目击证人看到，现在他们还担心无处不在的移动摄像设备及上传到YouTube的视频。即使不构成犯罪，也可能会一夜之间声名狼藉，比如去年两位女士在旧金山公交车上大打出手，就因视频疯传而狼狈不堪。</p>\r\n<p><strong>网络电视</strong></p>\r\n<p>YouTube创立之初饱受版权争议困扰，从摇滚歌手王子（Prince）到传媒巨头维亚康姆，YouTube各大诉讼缠身。为了解决这些争议，YouTube采取了一系列举措，包括删除违规视频及对视频上传实施长度和文件大小限制。</p>\r\n<p>目前网络电视已经遍地开花，YouTube也建立了强大的电视频道，试图在这一合法内容领域击败Hulu等竞争对手。</p>\r\n<p><strong>一夜成名</strong></p>\r\n<p>尽管互联网制造了许多的巨星，但是很难找到一家网站比YouTube更能使人一夜爆红，甚至在在维基百科的网站上还专门有一张列表列出通过YouTube而走红的明星。</p>\r\n<p>YouTube网站上的明星风格各异，不论是Numa Numa kid，还是VenetianPrincess，还是苏珊大妈（Susan Boyle），大家一定能找到自己喜欢的偶像。</p>\r\n<p><strong>改变政治</strong></p>\r\n<p>2008年被誉为互联网改变政治活动的一年，而YouTube则是奥巴马与麦凯恩竞选对决的重要舞台。</p>\r\n<p>根据Pew Research Center的调查数据，2%的受访选民表示日常通过YouTube获得选举相关新闻。此外，YouTube用户当时还上传了Crush on Obama，Barack roll等搞笑的视频，为竞选增加了不少的趣味性。当让，最重要的是在民主党初选时YouTube通过自己的网站为辩论收集问题。</p>\r\n<p><strong>音乐视频</strong></p>\r\n<p>电视台MTV本周宣布将把music television（音乐电视）从其logo中去掉，这似乎表明音乐视频正向网络化、向YouTube发展。要知道，YouTube在过去较长一段时间里被视为是MTV的非官方网站。</p>\r\n<p>事实上，排在YouTube网站历史总点击量第三名的视频正是歌手麦莉赛勒斯(Miley Cyrus)的mtv《7 Things》，点击量已经超过了1.1亿次。</p>\r\n<p><strong>全民新闻</strong></p>\r\n<p>像其他的博客和网站一样，YouTube也在培养越来越多的&quot;市民记者&quot;。该网站开发了一个&quot;报道员中心&quot;，指导热心的市民如何报道新闻；另外YouTube还和普利策中心（Pulitzer Center）进行合作，表彰那些最好的业余报道员。</p>\r\n<p>最近，该网站推出了YouTube Direct平台，帮助用户更好的整合视频并向媒体分销这些视频。</p>\r\n<p><strong>前景</strong></p>\r\n<p>YouTube目前日页面浏览量达到10亿，近来还开始了一个视频租赁服务，推出了3D功能，增加了HTML5支持。可以预期其增长远未结束，对互联网和民众生活的影响也将有增无减。（</p>','*SYSTEM','2010-02-16 12:26:03',NULL),('4028814826d500e10126d506f222002b','4','全球24大运营商共推软件平台抗衡Apple','<p><img height=\"200\" align=\"center\" width=\"221\" alt=\"\" src=\"http://paidcontent.org/images/editorial/_original/100-million-iphone-apps-o.jpg\" /></p>\r\n<p>据外媒报道，24家世界最大的移动运营商，包括Verizon、ATT、NTT DoCoMo、德国电信、中国移动和沃达丰今天在2010年世界移动大会上宣布，将联合推出名为<strong>Wholesale Applications Community (WAC)的开放国际应用平台</strong>，向所有手机用户提供软件。这个联盟的总用户超过30亿。三星、索爱和LG等手机厂商也表示将支持这一平台。</p>\r\n<p>这个平台被称为应用软件的批发社区，目标是为开发人员提供统一的移动软件发布和销售入口，解决目前条块分割的问题。运营商们希望这一平台能够吸引更多开发人员，与Apple竞争。</p>\r\n<p>目前，Apple的App Store非常成功，在18个月内软件下载就超过了30亿次，从而攫取了大量来自手机的收入。与此同时，Blackberry和Google的软件商店也是一片欣欣向荣。</p>\r\n<p>Gartner预测，随着移动产业的重心从硬件转移到软件，今年在手机软件上的花费将达到62亿美元，总下载达到45亿次。</p>\r\n<p>而且随着手机与计算机和阅读器之间的界限逐渐模糊，这一软件市场将进一步增长。例如，Apple App Store中14万软件大部分都与新发布的iPad平板电脑兼容。</p>\r\n<p>新闻称，联盟将使用通用的开放技术，支持跨平台开发，包括Verizon、Vodafone和中移动开发的JIL，还有OMTP BONDI。这两个标准有望在明年演进为一个通用标准。最终，联盟将与万维网联盟合作，为开发人员创造一个能够跨越各种移动平台和运营商开发和移植软件的 解决方案。</p>\r\n<p>其中，JIL是Joint Innovation Labs（联合创新实验室）的简称，由中移动等运营商发起，目前主要的工作是移动Widget规范。更多详情可以访问<a href=\"http://www.jil.org/\">这里</a>。</p>\r\n<p>而OMTP则是ATT、Orange、德国电信等运营商发起。BONDI规范涵盖了移动Widget和移动网页规范，包括JavaScript API、架构与安全和兼容三方面。更多详情可以访问<a href=\"http://bondi.omtp.org/default.aspx\">这里</a>。</p>\r\n<p><strong>【CSDN观察】</strong></p>\r\n<p>对于开发人员来说，如果能有一个统一的平台和技术标准，写一次代码，就能到处运行（这正是OMTP BONDI的口号），通行无阻，为全球用户服务，当然完美。但是，由于各运营商和厂商的平台和技术非常多样化，实现<strong><span style=\"font-weight: normal;\">开放国际应用平台</span><span style=\"font-weight: normal;\">这个任务将有相当大的技术难度。而由于利益分成和各种政治因素的复杂性，全球统一的软件商店是否真正能实现，也需要我们继续观察。</span></strong></p>\r\n<p><strong><span style=\"font-weight: normal;\">事实上，Google工程副总裁、Android之父Andy Rubin就对媒体说，自己非常怀疑这个大平台能否成功。他说，历史已经证明这样的梦想都无法实现。</span></strong></p>','*SYSTEM','2010-02-16 12:26:27',NULL),('4028814826d500e10126d50752b1002e','4','苹果与Adobe矛盾升级：平板电脑iPad成导火索','<p>国外媒体日前刊文称，苹果和Adobe之间曾经关系非常良好。然而，自苹果上月底推出平板电脑iPad之后，双方的关系开再度陷入紧张。以下为全文：</p>\r\n<p><strong>　　iPad拒绝Flash</strong></p>\r\n<p>　　尽管苹果CEO史蒂夫&middot;乔布斯(Steve Jobs)表示，iPad将给互联网浏览带来变革，然而iPad却不支持Adobe的Flash技术。这一消息也使Adobe股价应声下跌。</p>\r\n<p>　　由于Flash在互联网上被广泛应用，因此iPad不支持Flash意味着该产品在这一方面脱离主流。根据Adobe的数据，有98%的联网电脑都已安装Flash播放器，且Flash被应用在互联网75%的视频和90%的互动广告中。</p>\r\n<p>　　在上月苹果的内部会议上，乔布斯对员工称Flash&ldquo;充满Bug&rdquo;，并认为在大多数情况下导致Mac电脑崩溃的原因都是Flash。</p>\r\n<p>　　对此，Adobe通过多篇博客文章做出反击。Adobe指出，iPad忽略了Flash，并对iPad提供的上网体验提出质疑。Adobe同时 表示已开发了可用于iPad的Flash。Adobe首席技术官凯文&middot;林奇(Kevin Lynch)称，目前唯一的问题是&ldquo;Adobe需要得到苹果的合作，才能将该版本Flash应用在iPad上，而Adobe已做好准备&rdquo;。</p>\r\n<p><strong>　　苹果和Adobe矛盾升级</strong></p>\r\n<p>　　苹果和Adobe之间的矛盾由来已久。尽管两家公司是长期合作伙伴，但苹果对Flash的态度正逐渐转向冷淡。几年前，苹果表示iPhone不 会支持Flash。乔布斯当时表示，这主要是由于Flash无法有效地在iPhone上运行。在iPhone上运行时，Flash消耗的处理器资源并不少 于在PC上运行时。</p>\r\n<p>　　Adobe承认了这一问题，并表示将解决该问题。此后，Adobe开发了可以在智能手机上运行的Flash，除苹果之外，其他手机厂商均开始采用该版本Flash。</p>\r\n<p>　　由于遭到iPhone和iPad的拒绝，Adobe失去了一些增长机会。而如果用户放弃Flash，转向得到苹果支持HTML5标准，那么Adobe将会面临危机。Adobe没有透露Flash带来了多少营收，但指出软件是该公司最重要的资产之一。</p>\r\n<p>　　一些分析师指出，投资者不会对iPad拒绝Flash的消息做出太大反应，因为这一问题尚未对Adobe的业绩造成影响。不过瑞银证券分析师布伦特&middot;希尔(Brent Thill)表示：&ldquo;华尔街将逐渐注意到这一问题。&rdquo;</p>\r\n<p>　　由于不支持Flash，iPad将无法正常显示网站中的Flash视频和互动图片，用户将只能看到一块块的空白区域。iPad也将不支持Hulu等视频网站。<br />\r\n<strong><br />\r\n苹果的计划</strong></p>\r\n<p>　　苹果认为，Flash是一项过时的技术，网络浏览器最终可以在不安装外部插件的情况下播放视频。乔布斯表示，苹果将会为使用HTML5标准的网站提供支持，HTML5的支持者包括苹果和谷歌等。</p>\r\n<p>　　然而网页开发者表示，HTML5目前仍在开发中，尚未被广泛使用。网站开发商Smashing Ideas首席执行官史蒂夫&middot;杰克逊(Steve Jackson)表示：&ldquo;如果有大量用户基础，我们将针对iPad开发网站。目前对我们的客户来说，这是没有必要的。&rdquo;</p>\r\n<p>　　杰克逊表示，Flash是网页设计中的标准，这在短期内不会改变。为了使网站和游戏可以在iPad上正常使用，开发人员将针对iPad开发单独的网站，不过这需要额外的时间和资金。</p>\r\n<p>　　一些批评人士认为，苹果拒绝Flash是为了更好地对App Store中应用的开发进行控制，至少在现阶段是这样。这将使开发者无法为iPhone和iPad开发基于网页的应用。</p>\r\n<p>　　根据历史经验，苹果会坚持自己的做法。10年前，苹果在iMac中放弃了软驱，这在当时引起了巨大的争议。不过这一决定随后被证明是正确的。</p>\r\n<p><strong>　　分析师质疑乔布斯</strong><br />\r\n不过有分析师认为，苹果决定iPad不支持Flash将影响iPad的使用体验，这将引发比苹果预期中更大的争议。视频网站开发商Vertigo Software首席执行官斯科特&middot;斯坦菲尔德(Scott Stanfield)表示：&ldquo;苹果面临的问题在于，要让世界为一款尚未得到证明的技术重新开发一切。&rdquo;</p>\r\n<p>　　斯坦菲尔德表示，他将在第一时间购买iPad，但他并不认为iPad将像乔布斯所说的那样使互联网浏览产生变革。他表示：&ldquo;如果你拒绝类似Flash的技术，那么将屏蔽掉一半的互联网，因此你不可能提供最好的互联网体验。&rdquo;（作者：维金 来源：新浪科技）</p>','*SYSTEM','2010-02-16 12:26:51',NULL),('4028814826d500e10126d5079fe60031','4','美《连线》宣布与苹果合作推出iPad电子杂志','<p>科技杂志《连线》总编克里斯&middot;安德森(Chris Anderson)本周五在TED科技大会上表示，公司会于今夏在苹果iPad电脑上推出数字内容。</p>\r\n<p><a href=\"http://appstory.csdn.net/wp-content/uploads/2010/02/20100214105625db20f.jpg\"><img height=\"299\" width=\"450\" class=\"aligncenter size-full wp-image-6514\" title=\"20100214105625db20f\" alt=\"20100214105625db20f\" src=\"http://appstory.csdn.net/wp-content/uploads/2010/02/20100214105625db20f.jpg\" /></a></p>\r\n<p>首批iPad将于三月末正式开售，Anderson在会议上展示了即将登陆这款平板电脑的《连线》杂志。</p>\r\n<p>Anderson对苹果的这款设备赞赏有加，他称iPad首次让电子杂志和传统印刷版杂志具有相同的商业价值。他同时披露，公司开发总监Scott Dadich与Adobe公司的Jeremy Chark在过去六个月中一直在联手设计打造iPad版《连线》。</p>\r\n<p>Anderson未披露iPad版《连线》的售价，但预计数字版本的杂志会比传统印刷版的40美元要低一些。(来源：cnbeta )</p>','*SYSTEM','2010-02-16 12:27:11',NULL),('4028814826d500e10126d507e9820034','4','微软今日将发布Windows Mobile 7初级版','<div class=\"date\">分类: <a rel=\"category\" title=\"查看 产品资讯 的全部文章\" href=\"http://appstory.csdn.net/?cat=130\">产品资讯</a> 推荐者：ming_ke|  <a title=\"微软今日将发布Windows Mobile 7初级版 上的评论\" href=\"http://appstory.csdn.net/?p=6524#respond\">我有话说</a></div>\r\n<p>2月15日消息，据国外媒体报道，知情人士透露，微软周一将发布一款新的智能手机平台Windows Mobile Starter Edition(初级版)。</p>\r\n<p>本周一，&ldquo;移动世界大会&rdquo;将在巴塞罗那召开，而微软CEO史蒂夫&middot;鲍尔默(Steve Ballmer)预计将发布下一代智能手机平台Windows Mobile 7。</p>\r\n<p>知情人士称，与此同时，微软还将推出一款新的智能手机平台Windows Mobile 初级版。该版本主要面向OEM厂商，基于该系统的手机将针对新兴市场用户。</p>\r\n<p>Windows Mobile初级版将基于Windows Mobile 6，而并非Mobile 7。Windows Mobile初级版也分为两个版本，一个包括Office Mobile，另一版不包括。</p>\r\n此外，Windows Mobile初级版支持2G (GSM)、2.5G (EDGE, GPRS)、CDMA (Rev A, EV-DO Revision A)和TD-SCDMA。是否支持3G，目前尚无定论。','*SYSTEM','2010-02-16 12:27:30',NULL),('4028814826d763ef0126d7649c8c0012','3','如何让新网站尽快被搜索引擎收录？','网站想要获得排名，首先你需要让你的网站被搜索引擎收录，那一个新网站应该如何做才会被收录呢？今天我就来讲解下这个最基础的问题，不过请大家注意，搜索引擎的收录方式是在不停的调整的，收录期的长短也是不固定的，所以本文中所有的数据都是参考文章发布时的实际情况。<br />\r\n<br />\r\n目前在国内影响力最大的几大搜索引擎是百度、谷歌、SOSO、雅虎，其他的还有搜狗、有道等搜索引擎收录方法与雅虎类似，就不一一重复了。<br />\r\n<br />\r\n在应用以下方法的前提是，你的网站要正规合法，内容经常更新，无作弊，无采集情况。<br />\r\n<br />\r\n一、百度搜索引擎收录方法：<br />\r\n<br />\r\n收录时间：大约为3-15天左右，根据网站内部质量和外链质量的不同，收录时间略有差异。<br />\r\n收录方法：1、提交申请：填写<a href=\"http://www.baidu.com/search/url_submit.html\">百度的登陆申请</a>，然后提交百度审核。<br />\r\n2、友情链接：在网站未被收录的情况下，最好是让朋友给你做单向链接，也不需要太多，十个八个的高质量链接就够了，如果你没有肯给你做单向链接的朋友，那就自我检讨下吧。<br />\r\n3、论坛发帖：在百度收录很好的论坛发帖子，最好与你的网站行业相关，不论是用论坛签名还是帖子中带连接的方式都可以，每天发三五个帖子，对百度收录很有帮助。<br />\r\n4、博客发贴：在新浪、百度、网易、搜狐等站点上注册几个博客，然后每天都发点些软文，百度对这些门户站的博客收录还是比较快的，所以他们也可以很好的帮助新站收录。<br />\r\n5、制作地图：做一个HTML的网站地图，将网站中的主要页面都以文字链接的形式规范的罗列出来，方便搜素引擎蜘蛛爬行。<br />\r\n<br />\r\n二、谷歌搜索引擎收录方法：<br />\r\n<br />\r\n收录时间：大约1-10天左右，只要按照以下方法执行，基本可以保证在2天内收录。<br />\r\n收录方法：1、提交申请：填写<a href=\"http://www.google.com/addurl/?hl=zh-CN&amp;continue=/addurl\">谷歌的登陆申请</a>，然后提交谷歌审核。<br />\r\n2、提交地图：建立一个XML网站地图，提交到<a href=\"http://www.xueseo.com.cn/2/200902/20-39.html\">Google 网站管理员工具</a>中，等待谷歌审核。<br />\r\n<br />\r\n三、SOSO搜索引擎收录方法：<br />\r\n<br />\r\nSOSO目前应用的是谷歌的搜索数据，所以只要谷歌收录了，那SOSO就会收录。<br />\r\n<br />\r\n四、雅虎搜索引擎收录方法：<br />\r\n<br />\r\n收录时间：大约1-2天左右，目前几大搜索引擎蜘蛛中最勤奋的莫过于雅虎了，只需要填写下<a href=\"http://search.help.cn.yahoo.com/h4_4.html\">雅虎的登陆申请</a>，雅虎很快派出蜘蛛频繁抓取你的网站，所以你不用担心雅虎会不收录你。<br />\r\n<br />\r\n总结：其实让搜索引擎收录的方法就是这么简单，基本的路线就是：做好内容&rarr;提交申请&rarr;增加外链&rarr;提交地图&rarr;等待收录，只要你认真对待你的网站，认真对待你的访问者，搜索引擎会看到你的努力的。','*SYSTEM','2010-02-16 23:28:00',NULL),('4028814826e11b770126e12213e1001e','3','广东南方信息安全产业基地有限公司','<div style=\"font-size: 12px;\"><strong>广东南方信息安全产业基地有限公司</strong>是根据广东省有关部门指示精神设立的专业化的，主要从事信息安全关键领域核心技术攻关、成果转化、应用推广的创新型高新技术企业。南方基地公司的设立旨在打造广东信息安全产业集群创新和服务平台，带动广东信息安全产业体系的发展和完善，促进广东信息安全保障体系的建立。</div>\r\n<div style=\"font-size: 12px;\"><br />\r\n公司一直秉承&ldquo;专业、创新、协同、国际&rdquo;的企业文化精神，强调技术领先、注重科学 管理、强调规范经营。公司先后通过了ISO9001、CMM3、商用密码产品生产定点单位资质、国家和省安全服务资质、省安全技术防范系统设计、施工、维 修资格等认证。同时，作为省市计算机信息网络安全协会及多个行业协会的常务理事、团体会员单位，公司积极参与推进驻地信息产业的发展，获得众多荣誉称号和 社会好评。</div>\r\n<div style=\"font-size: 12px;\"><br />\r\n公司坚持产学研相结合的发展道路，注重与国内著名高等院校以及科研机构合作，拥有 一批国际水平的信息安全科学家，包括两院院士和博士生导师构成的专家顾问团队，拥有一批优秀的安全产品研发、咨询服务和技术支持队伍。经过多年的积累，公 司在鉴别认证技术、操作系统安全和信息应用系统安全技术等方面已达到行业领先水平，申请了一批发明专利和产品著作权。依托自主研发的IPA信息基因鉴别认 证技术，公司陆续推出了双因子认证鉴别系统、基于操作系统核心技术的信息安全系列产品和安全系统全面解决方案，以及移动终端信息安全解决方案及产品，较好 地满足现有各种复杂网络环境下的信息安全需求。公司将一如既往，集技术、产品和服务等优势，以振兴民族信息安全产业为己任，为各级政府部门和企事业单位提 供可靠的安全产品和安全服务。</div>\r\n<div style=\"font-size: 12px;\">&nbsp;</div>\r\n<div style=\"font-size: 12px;\">我们为了吸引和保留优秀的人才，拥有一套有竞争力的薪酬福利体系。其主要包括：</div>\r\n<div style=\"font-size: 12px;\"><br />\r\n1、工资。主要包括基本工资和绩效工资两部分。基本工资主要体现了重点岗位与一般岗位、核心岗位与非核心岗位之间的差异；绩效工资与公司目标计划完成状况及员工个人的工作绩效表现挂钩，经各单位考核后确定。此外，公司还专门针对不同的岗位类别制订了不同的激励机制。</div>\r\n<div style=\"font-size: 12px;\">2、培训。我们为员工提供系统的培训和良好的发展机会。</div>\r\n<div style=\"font-size: 12px;\">3、保险和住房公积金。公司按照当地政府规定的项目和比例，以工资性收入为基础，依法为员工缴存了基本养老、基本医疗、工伤、失业、生育等各项社会保险和住房公积金。</div>\r\n<div style=\"font-size: 12px;\">4、福利。按照国家和当地政府的相关政策，根据公司自身实际情况为员工提供了包括年休假、婚假、丧假、女职工孕期、产期、哺乳期假等在内的多种假期待遇。</div>\r\n<div style=\"font-size: 12px;\">5、公司位于环境优美的科学城内，科学城是广州市东部发展战略的中心区域，是广州市发展高新技术产业的示范基地。我们为员工提供上下班交通车、为因工作需要加班的员工提供丰富的晚膳；我们还建立一套完整的差旅费用体制，保障员工因公外出的各项需求。</div>\r\n<div style=\"font-size: 12px;\">&nbsp;</div>\r\n<div style=\"font-size: 12px;\">公司网址：<a href=\"http://www.china-isi.com/\">http://www.china-isi.com</a><br />\r\n接收简历邮箱：<a href=\"mailto:isi-hr@china-isi.com\">isi-hr@china-isi.com</a></div>','*SYSTEM','2010-02-18 20:51:31',NULL),('4028814826e11b770126e12573960027','1','南方基地获得广东省“百强创新型企业培育工程”示范企业称号','<span style=\"font-size: 9pt; line-height: 150%; font-family: 宋体;\">广东&ldquo;百强创新型企业培育工程&rdquo;示范企业名单近日出炉。未来3年，广东南方信息安全产业基地有限公司等134家示范企业，将在技术研发和科研成果产业化进程中，得到政府的重点支持。</span>','*SYSTEM','2010-02-18 20:55:13',NULL),('4028814826e1c6460126e1c836f20014','1','2月10日香港手机周报:疯狂暴涨','<span style=\"color: rgb(0, 0, 0);\"><span style=\"color: rgb(0, 0, 0);\">【<a href=\"http://hk.pconline.com.cn/\" target=\"_blank\"><span style=\"color: rgb(0, 0, 0);\">02月10日太平洋电脑网香港站</span></a><span>】</span></span></span>2010 年02月10日，编辑为各位带来了最新一期的香港手机周报，本周其实亮点不大，主要还是和各位说说先达的行情以及春节先达的营业时间。先达广场营业至年三 十晚（2月13日），而大年初一到大年初三则停止营业，最快要到大年初四才会开始营业，请各位要注意了。另外，目前去香港购物的内地游客非常之多，罗湖， 皇岗口岸，落马洲（福田口岸）一般过关的轮候时间在两个小时或以上，各位最好选择人比较少的关口，譬如文锦渡，深圳湾等。\r\n<p>　　在行情方面， 近期市场热门机型的涨价相信各位都十分清楚，但一些冷门机型依然小跌，如此看出到底哪些机型才是大家最热门的了。而市场目前价格波动太大，本次报价也仅作 为参考。如果不是十分紧急的话，就请年后元宵节之后才考虑出手，又或者干脆去电器连锁店买行货也行，毕竟涨价的幅度实在太大，而内地的情况同样如此，并且 部分机型都有缺货。NOKIA的X6和N900港行都将会在年后登场价格将十分惊喜，有望狠狠的打击水货，因此关注着两款机型的朋友可以稍微再等一下。</p>\r\n<p style=\"text-align: center;\"><a href=\"http://pdpic.pconline.com.cn/product/service/article_bigpicture.jsp?productId=295486&amp;url=http://img2.pconline.com.cn/pconline/0909/09/1796784_cb090909tg01_15.JPG\" target=\"_blank\"><img src=\"http://img2.pconline.com.cn/pconline/0909/09/1796784_cb090909tg01_15_500.JPG\" alt=\"TG01\" /></a><br />\r\n<a href=\"http://product.pconline.com.cn/mobile/toshiba/295486.html\" target=\"_blank\" class=\"cmsLink\"><font color=\"#3366cc\">东芝TG01</font></a></p>\r\n<p style=\"text-align: left;\">　并不是所有机型都在涨价的，东芝的TG01就是其中一款。作为支持最新<a href=\"http://product.pconline.com.cn/mobile/c3293/\" target=\"_blank\" class=\"cmsLink\"><font color=\"#3366cc\">Windows Mobile</font></a> 6.5系统的手机，<a href=\"http://product.pconline.com.cn/mobile/toshiba/295486.html\" target=\"_blank\" class=\"cmsLink\"><font color=\"#3366cc\">东芝TG01</font></a>最 令人惊讶的是处理器，高大1Ghz的主频让其感觉上并不是一款手机，而是电脑！加上高通公司的Snapdragon平台拥有更丰富的功能，这款手机绝对是 今年最受关注的一款！目前东芝TG01价格跌至2980元的历史新低，折换成人民币价格的话，绝对非常吸引，不过目前只有英文版本！</p>\r\n<p style=\"text-align: left;\">&nbsp;</p>\r\n<p style=\"text-align: center;\"><font color=\"#3366cc\"><a href=\"http://pdpic.pconline.com.cn/product/service/article_bigpicture.jsp?productId=386466&amp;url=http://img2.pconline.com.cn/pconline/1002/05/2043889_cb100204s100_5.jpg\" target=\"_blank\"><img src=\"http://img2.pconline.com.cn/pconline/1002/05/2043889_cb100204s100_5_500.jpg\" style=\"border: 1px solid black;\" alt=\"Liquid\" /></a></font><br />\r\n<a href=\"http://product.pconline.com.cn/mobile/acer/386466.html\" target=\"_blank\"><font color=\"#3366cc\">宏碁 Liquid</font></a></p>\r\n<p style=\"text-align: left;\">　 　新机也是有的，譬如ACER的S100和S200。自从今年Acer购并倚天之后，开始阶段推出的机种都是倚天时代所设计的机型，不过从Acer推出 neoTouch开始，Acer真正推出自行设计研发的机种。而在neoTouch之后，Acer又再推出一款旗舰机型，不过这次并不是采用<a href=\"http://product.pconline.com.cn/mobile/c3293/\" target=\"_blank\" class=\"cmsLink\"><font color=\"#3366cc\">Windows Mobile</font></a>平台，而搭配了年轻的<a href=\"http://product.pconline.com.cn/so/s36621/\" target=\"_blank\" class=\"cmsLink\"><font color=\"#3366cc\">Android</font></a>系统，其机型名为Acer S100（<a href=\"http://product.pconline.com.cn/mobile/acer/386466.html\" target=\"_blank\" class=\"cmsLink\"><font color=\"#3366cc\">Liquid</font></a>），该机也是Acer旗下第一款基于Android系统的机型，其采用的是Android 1.6（Donut）系统。</p>\r\n<p style=\"text-align: left;\">　　各位要注意的是，<a href=\"http://mobile.pconline.com.cn/\" target=\"_blank\" class=\"cmsLink\"><font color=\"#3366cc\">手机</font></a>周报里的价格为<strong><span style=\"color: rgb(0, 0, 0);\">港币</span></strong><font color=\"#ff0000\"> </font>，各位记得要注意汇率，另外周报上有各机有货的颜色，如果没你想要的颜色，就是暂时缺货。香港作为内地<a href=\"http://mobile.pconline.com.cn/\" target=\"_blank\" class=\"cmsLink\"><font color=\"#3366cc\">手机</font></a>的货源地之一，其报价十分具有参考性，亦可以作为权威的水货报价参考。<font color=\"#ff0000\"><font color=\"#000000\">还可以进入<a href=\"http://itbbs.pconline.com.cn/forum.jsp?fid=229780\" target=\"_blank\"><span style=\"color: rgb(0, 0, 0);\">太平洋港澳论坛</span></a></font><font color=\"#000000\">发贴，希望能为各位带来更好的香港站</font></font></p>','*SYSTEM','2010-02-18 23:52:59',NULL),('4028814826e1c6460126e1c993f20019','2','辛酸泪---我使用电脑从菜鸟到老鸟的过程','最早使用电脑大概是89年,苹果机.学点basic编程,打个自己的名字,觉得很牛了.<br />\r\n<br />\r\n后来PC机慢慢普及,因为工作原因,到了96年,靠电脑吃饭了.大家用电脑都用的很痛苦,病毒什么的横行,系统经常崩溃,95刚刚普及,蓝屏是大家讨论最多的.<br />\r\n<br />\r\n所以,也就练就一手重装系统的功夫.只是,还是非常烦人的.<br />\r\n<br />\r\n后来有了ghost.终于慢慢从重装系统的噩梦中解放.<br />\r\n<br />\r\n不过,每次装系统还是让人精神紧张,要重装驱动和软件,非常耗神.特别有些病毒专门破坏ghost文件,那就头疼了.<br />\r\n<br />\r\n再后来,神州大地到处都是ghost&nbsp;xp的版本,重装系统慢慢成了一件可以忍受的事情.因为毕竟基本不用手工干预.<br />\r\n<br />\r\n只是,每次重装系统后,数据丢失&nbsp;重装软件&nbsp;再做优化,还是很麻烦的.<br />\r\n<br />\r\n期间用过很多方法,尽量避免系统重装,因为一旦重装系统,意味着&nbsp;驱动重装&nbsp;软件重装&nbsp;数据恢复&nbsp;系统再次设定和优化.<br />\r\n<br />\r\n每 天ghost肯定是不行的,那除非是神经病.而影子系统也麻烦,一个新软件总要试用几天甚至半个月,才能知道是不是值得留到硬盘使用,影子系统一旦关机就 没了.一旦保存就无法卸载.软件卸载都是不可靠的,卸载不干净比比皆是,垃圾文件就更加了.系统还是每天肥胖,最后不可避免走向死亡.<br />\r\n<br />\r\n最后找到的是雨过天晴,这个基本接近完美了,可以差不多无限还原.甚至可以在还原点之间穿梭拿回数据文件,当然,用起来很复杂,一般用户可能会发晕.<br />\r\n<br />\r\n唯一的一个问题还是:一旦还原,软件要重装,系统还是要再设置和优化.<br />\r\n<br />\r\n继续被电脑折磨.<br />\r\n<br />\r\n直到最近,用了V3虚拟系统.才基本上彻底解脱.<br />\r\n<br />\r\n首先保证一个办公的V3,一个最基本的windows还原点.这样,不管如何折腾,肯定可以马上办公.不影响事情.<br />\r\n其次,新安装一个测试用的V3,凡属V3支持的软件,都到这个测试V3里面测试.这样,主机还是非常干净.<br />\r\n最后,实在V3不支持的软件,就到主机windows里面测试,好用就留下来,不好用,嘿嘿,还原一下,一切无影无踪.只是麻烦点.<br />\r\n<br />\r\n<br />\r\n当然,现在我用的软件基本上V3都支持非常好,所以,主机上基本没有安装其他软件.<br />\r\n如果V3虚拟系统基本上支持所有软件,那么,痛苦基本就一去不复返了.<br />\r\n<br />\r\n终于不会经常被电脑折磨了,成了真正的老鸟.<br />\r\n<br />\r\n<br />\r\n--------------------<br />\r\n经过这段时间的使用，提出下列建议：<br />\r\nceedo&nbsp;mojopac&nbsp;和&nbsp;v3虚拟系统&nbsp;的使用注意:<br />\r\n1.前面两个不支持输入法安装，后面&nbsp;&nbsp;V3虚拟系统有支持输入法安装的版本。<br />\r\n2.杀毒软件因为都互相冲突，所以，在虚拟系统里面只建议安装&nbsp;绿色杀毒软件，比如&nbsp;江民杀毒移动版&nbsp;v3绝杀&nbsp;，听说&nbsp;超级巡警&nbsp;也可以。<br />\r\n3.常用的浏览器&nbsp;qq&nbsp;msn&nbsp;炒股&nbsp;迅雷&nbsp;电驴&nbsp;暴风影音&nbsp;千千静听&nbsp;等等软件都可以安装到&nbsp;V3虚拟系统&nbsp;这类软件，支持比较好。<br />\r\n4.但是，不要在虚拟系统里面打windows的补丁，做硬件检测，安装ghost&nbsp;&nbsp;一键还原等必须和硬件直接打交道的软件。<br />\r\n5.vmware&nbsp;vbox这类虚拟机软件涉及大量驱动，不建议&nbsp;安装到V3虚拟系统里面，而且，也没必要。<br />\r\n&nbsp;V3虚拟系统&nbsp;本身只占用十几M硬盘，运行也才占用十几M内存，直接在里面就可以安装常用的浏览器&nbsp;聊天&nbsp;下载&nbsp;看电影&nbsp;听歌&nbsp;图形图像&nbsp;股票理财&nbsp;输入法&nbsp;办公软件。运行速度跟主机基本相同，没必要再用vmware&nbsp;vbox这类软件。','*SYSTEM','2010-02-18 23:54:29',NULL),('4028814826e1c6460126e1ca4d6e001d','4','超值经典街机 诺基亚5800XM仅1k9','<div style=\"padding: 5px; float: left; width: 310px;\">\r\n<ul style=\"margin: 0px;\">\r\n    <li style=\"overflow: hidden; width: 300px; float: left; height: 200px; list-style-type: none;\">\r\n    <script type=\"text/javascript\">showIvyViaJs(\"pc.jrbj.csbj.hq.hzh.\")</script>\r\n    <script type=\"text/javascript\">(function(SRC,URL){\r\n    var w = 1*SRC.replace(/^.*#(\\d+)x(\\d+).*$|^.*$/,\'$1\'); if(w<1)w=950;\r\n    var h = 1*SRC.replace(/^.*#(\\d+)x(\\d+).*$|^.*$/,\'$2\'); if(h<1)h=90;\r\n    var trans = /#transparent/i.test(SRC)?\'transparent\':\'opaque\';\r\n    var close = /#close/i.test(SRC),close2 = /#close2/i.test(SRC);\r\n    SRC = SRC.replace(/#.*$/,\'\');\r\n\r\n    document_write(\'<OBJECT id=ad123221 classid=clsid:D27CDB6E-AE6D-11cf-96B8-444553540000 WIDTH=\'+w+\' HEIGHT=\'+h+\'><PARAM name=flashvars value=id=ad123221><PARAM NAME=movie VALUE=\'+SRC+\' ><EMBED id=ad123221b src=\'+SRC+\' WIDTH=\'+w+\' HEIGHT=\'+h+\' flashvars=id=ad123221b TYPE=application/x-shockwave-flash PLUGINSPAGE=http://www.macromedia.com/shockwave/download/index.cgi?P1_Prod_Version=ShockwaveFlash wmode=\'+trans+\'></EMBED><param name=wmode value=\'+trans+\'></OBJECT>\'\r\n    +(close?\'<img style=\"z-index:100;width:16px;height:16px;background:url(http://www.pconline.com.cn/images/close_ad100.gif);position:absolute;right:0px; cursor:pointer;\'+(close2?\'top:\'+(h-18)+\'px\':\'top:1px;\')+\'\" onClick=\"document.getElementById(\\\'ad123221\\\').style.display=\\\'none\\\';this.style.display=\\\'none\\\';\" title=\"关闭\">\':\'\'));\r\n\r\n})(\'http://imgad1.3conline.com/ivy/image/200911/23/1258962427288.swf##300x200\',\'http://ivy.pconline.com.cn/adpuba/click?adid=123221&id=pc.jrbj.csbj.hq.hzh.\');\r\n_addIvyID(\"118788_123221\");</script>\r\n    <object height=\"200\" width=\"300\" classid=\"clsid:D27CDB6E-AE6D-11cf-96B8-444553540000\" id=\"ad123221\">\r\n    <param value=\"id=ad123221\" name=\"flashvars\" />\r\n    <param value=\"http://imgad1.3conline.com/ivy/image/200911/23/1258962427288.swf\" name=\"movie\" /><embed height=\"200\" width=\"300\" wmode=\"opaque\" pluginspage=\"http://www.macromedia.com/shockwave/download/index.cgi?P1_Prod_Version=ShockwaveFlash\" type=\"application/x-shockwave-flash\" flashvars=\"id=ad123221b\" src=\"http://imgad1.3conline.com/ivy/image/200911/23/1258962427288.swf\" id=\"ad123221b\"></embed>\r\n    <param value=\"opaque\" name=\"wmode\" /></object></li>\r\n</ul>\r\n</div>\r\n&nbsp;\r\n<p><span style=\"color: rgb(0, 0, 0);\"><span style=\"color: rgb(0, 0, 0);\"><a target=\"_blank\" href=\"http://hn.pconline.com.cn/\"><span style=\"color: rgb(0, 0, 255);\">【2月10日太平洋电脑网湖南站】</span></a></span></span>诺基亚作为手机大佬，拥有成熟的<a href=\"http://product.pconline.com.cn/mobile/c3291/\" target=\"_blank\" class=\"cmsLink\"><font color=\"#3366cc\">S60</font></a>系统、稳定的用户群，却没有一款触控强机，所以迎来了这款<a href=\"http://product.pconline.com.cn/mobile/nokia/257759.html\" target=\"_blank\" class=\"cmsLink\"><font color=\"#3366cc\">诺基亚5800</font></a> XpressMusic面世。最近，<a href=\"http://product.pconline.com.cn/mobile/nokia/\" target=\"_blank\" class=\"cmsLink\"><font color=\"#3366cc\">诺基亚</font></a>馅入了价格战，各型号<a href=\"http://product.pconline.com.cn/mobile/\" target=\"_blank\" class=\"cmsLink\"><font color=\"#3366cc\">手机价格</font></a>纷纷下调，这款<a href=\"http://product.pconline.com.cn/mobile/nokia/257759.html\" target=\"_blank\" class=\"cmsLink\"><font color=\"#3366cc\">5800XM</font></a>也不例外。据小编了解到，目前该机已经跌到<a href=\"http://product.pconline.com.cn/mobile/p170/\" target=\"_blank\" class=\"cmsLink\"><font color=\"#3366cc\">1960元</font></a>，已经非常超值，感兴趣的朋友不要错过了。</p>\r\n<p style=\"text-align: center;\"><a href=\"http://pdpic.pconline.com.cn/product/service/article_bigpicture.jsp?productId=257759&amp;url=http://img2.pconline.com.cn/pconline/0906/19/1685009_DSC_2010.jpg\" target=\"_blank\"><img src=\"http://img2.pconline.com.cn/pconline/0906/19/1685009_DSC_2010_mthumb.jpg\" alt=\"5800\" /></a><br />\r\n<a href=\"http://product.pconline.com.cn/mobile/nokia/257759.html\" target=\"_blank\"><font color=\"#3366cc\">诺基亚 5800 XpressMusic</font></a>&nbsp;&nbsp;<a href=\"http://product.pconline.com.cn/pdlib/257759_picture.html\" target=\"_blank\"><u><font color=\"#3366cc\">图　库</font></u></a>&nbsp;&nbsp;<a href=\"http://product.pconline.com.cn/mobile/nokia/257759_review.html\" target=\"_blank\"><u><font color=\"#3366cc\">评　测</font></u></a>&nbsp;&nbsp;<a href=\"http://itbbs.pconline.com.cn/mobile/f693751.html\" target=\"_blank\"><u><font color=\"#3366cc\">论　坛</font></u></a>&nbsp;&nbsp;<a href=\"http://product.pconline.com.cn/mobile/nokia/257759_price.html\" target=\"_blank\"><u><font color=\"#3366cc\">报　价</font></u></a>&nbsp;&nbsp;<a href=\"http://m.pconline.com.cn/searchProductResult.jsp?ad=3814&amp;keyword=%E8%AF%BA%E5%9F%BA%E4%BA%9A%205800%20XpressMusic\" target=\"_blank\"><u><font color=\"#3366cc\">网购实价</font></u></a></p>\r\n<p>　　外形方面，采用直板全屏触摸设计，15.5mm的厚度，104g的重量，拿在手里感觉十分充实、大气，<a href=\"http://product.pconline.com.cn/mobile/c3274/\" target=\"_blank\" class=\"cmsLink\"><font color=\"#3366cc\">3.2英寸</font></a>的大屏幕，加上极少的按键，使正面显得十分的简洁，而背面的纹理设计则显得十分大气、有气势。1600万色、640&times;360像素的<a href=\"http://product.pconline.com.cn/so/s34051/\" target=\"_blank\" class=\"cmsLink\"><font color=\"#3366cc\">TFT</font></a>彩屏使其显示效果非常之出色。全触摸试设计使得操作更为方便、新颖。</p>\r\n<p align=\"center\"><a href=\"http://pdpic.pconline.com.cn/product/service/article_bigpicture.jsp?productId=257759&amp;url=http://img2.pconline.com.cn/pconline/0906/19/1685009_DSC_2011.jpg\" target=\"_blank\"><img src=\"http://img2.pconline.com.cn/pconline/0906/19/1685009_DSC_2011_mthumb.jpg\" alt=\"5800\" /></a><br />\r\n触摸快捷键</p>\r\n<p>　　功能方面，虽说该机属于<a href=\"http://product.pconline.com.cn/mobile/nokia/\" target=\"_blank\" class=\"cmsLink\"><font color=\"#3366cc\">诺基亚</font></a>时尚音乐系列手机，但其多元化的功能，并没有局限于音乐二字，该机采用了Symbian&nbsp; <a href=\"http://product.pconline.com.cn/mobile/c3291/\" target=\"_blank\" class=\"cmsLink\"><font color=\"#3366cc\">S60</font></a>第5版操作系统，扩展性能更好；并且内置320W卡尔蔡司认证镜头，支持最大2048&times;1536分辨率照片拍摄，并且支持640&times;352分辨率全屏有声<a href=\"http://product.pconline.com.cn/so/s30567/\" target=\"_blank\" class=\"cmsLink\"><font color=\"#3366cc\">视频拍摄</font></a>,支持补光灯开启拍摄及夜景模式拍摄，并且支持视频通话，虽说内置内存只有81M，但其内部一个内存扩展插槽，支持MicroSD(T-Flash)及Micro<a href=\"http://product.pconline.com.cn/cardreader/c3433/\" target=\"_blank\" class=\"cmsLink\"><font color=\"#3366cc\">SDHC卡</font></a>扩展,最大扩展至16GB，使人们可以随时随地享受生活，记录生活。</p>\r\n<p align=\"center\"><a href=\"http://pdpic.pconline.com.cn/product/service/article_bigpicture.jsp?productId=257759&amp;url=http://img2.pconline.com.cn/pconline/0906/19/1685009_DSC_2008.jpg\" target=\"_blank\"><img src=\"http://img2.pconline.com.cn/pconline/0906/19/1685009_DSC_2008_mthumb.jpg\" alt=\"5800\" /></a><br />\r\n320W像素镜头</p>','*SYSTEM','2010-02-18 23:55:16',NULL),('4028814827392d23012739397b7c0012','1','正门口条柜','正门口条柜，A008，900元/米/月','*SYSTEM','2010-03-07 23:23:40',NULL),('4028814827392d2301273939e7270015','1','一楼，A1018档','一楼，A1018档，新签一口价324元/平方米/月','*SYSTEM','2010-03-07 23:24:08',NULL),('4028814827392d230127393a2bd10018','1','二楼，A2011档','二楼，A2011档，优惠价241元/平方米/月','*SYSTEM','2010-03-07 23:24:25',NULL);

/*Table structure for table `userinfo` */

DROP TABLE IF EXISTS `userinfo`;

CREATE TABLE `userinfo` (
  `user_id` varchar(50) DEFAULT NULL,
  `username` varchar(50) DEFAULT NULL,
  `password` varchar(50) DEFAULT NULL,
  `user_type` varchar(50) DEFAULT NULL
) ENGINE=InnoDB DEFAULT CHARSET=utf8;

/*Data for the table `userinfo` */

insert  into `userinfo`(`user_id`,`username`,`password`,`user_type`) values ('1','admin','admin','ADMIN'),('2','user','user','NORMAL'),('4028814826420548012642097ae20003','netdemon','zzzzzz0','ADMIN');

/*!40101 SET SQL_MODE=@OLD_SQL_MODE */;
/*!40014 SET FOREIGN_KEY_CHECKS=@OLD_FOREIGN_KEY_CHECKS */;
